DLS 23 Ratings by rosieline_#1574,,,https://discord.gg/uMtYYpGaZB,,,,,,,,,,,,,,,,,,
Rare Players Ratings,,,,,,,,,,,,,,,,,,,,,
First Name,Last Name,Price,Nationality,Club,Position,Foot,Rating,Height (cm),Speed,Acceleration,Stamina,Control,Strength,Tackling,Passing,Shooting,Handling (GK),Reactions (GK),Total Stats,Player ID,Game Version
Sebastien,Haller,1650,Ivory Coast,Ivory Coast,CF,R,79,190,76,78,78,77,88,43,70,85,,,595,14201,v10.15
,Richarlison,1650,Brazil,Tottenham,CF,R,79,184,78,79,78,79,76,48,69,77,,,584,15577,v10.15
Luis,Muriel,1650,Colombia,Atalanta,CF,R,79,179,84,84,65,82,69,42,77,83,,,586,11093,v10.15
Duvan,Zapata,1650,Colombia,Atalanta,CF,R,79,189,76,75,69,79,85,39,74,83,,,580,12374,v10.0
Pierre-Emerick,Aubameyang,1650,Gabon,Chelsea,CF,R,79,187,83,81,72,77,73,40,72,85,,,583,4057,v10.15
Wilfried,Zaha,1650,Ivory Coast,Crystal Palace,LW,R,79,180,83,84,74,84,67,36,71,78,,,577,10162,v10.15
Kvicha,Kvaratskhelia,1650,Georgia,Napoli,LW,B,79,183,80,83,72,84,63,42,79,79,,,582,19927,v10.15
Mikel,Oyarzabal,1650,Spain,Real Sociedad,LW,L,79,181,77,78,75,80,70,48,79,80,,,587,,v10.15
Federico,Chiesa,1650,Italy,Juventus,RW,R,79,175,88,88,70,84,61,46,75,76,,,588,14898,v10.15
Dejan,Kulusevski,1650,Sweden,Tottenham,RW,L,79,186,81,76,74,80,68,54,78,76,,,587,17518,v10.15
Kingsley,Coman,1650,France,France,RW,R,79,180,90,90,65,86,62,38,77,74,,,582,13032,v10.15
Christian,Pulisic,1650,USA,Chelsea,RW,R,79,177,83,86,72,81,65,43,76,76,,,582,17074,v10.15
Angel,Di Maria,1650,Argentina,Juventus,RW,L,79,180,77,81,71,85,63,49,84,79,,,589,2184,v10.15
James,Maddison,1525,England,Leicester,AM,R,79,175,73,79,76,82,60,63,83,81,,,597,16338,v10.15
Sergio,Canales,1525,Spain,Real Betis,AM,L,79,176,80,81,81,79,61,54,82,76,,,594,363,v10.15
Piotr,Zielinski,1525,Poland,Napoli,AM,B,79,177,75,79,75,82,60,62,83,75,,,591,11095,v10.15
Kai,Havertz,1525,Germany,Chelsea,AM,L,79,190,81,77,72,82,77,39,77,78,,,583,17590,v10.15
Thomas,Lemar,1525,France,Atletico Madrid,AM,L,79,171,79,83,69,82,69,51,77,74,,,584,12779,v10.15
,Koke,1525,Spain,Atletico Madrid,CM,R,79,176,71,72,82,80,72,73,80,74,,,604,7840,v10.15
Mateo,Kovacic,1525,Croatia,Chelsea,CM,R,79,176,76,78,74,85,63,68,82,73,,,599,10947,v10.15
Mikel,Merino,1525,Spain,Real Sociedad,CM,L,79,189,69,69,83,77,82,71,79,69,,,599,15641,v10.15
Sandro,Tonali,1525,Italy,AC Milan,DM,R,79,181,77,76,80,76,71,71,80,70,,,601,17248,v10.15
Declan,Rice,1525,England,West Ham,DM,R,79,185,70,69,88,74,78,80,79,66,,,604,16332,v10.15
Bruno,Guimaraes,1525,Brazil,Newcastle,DM,R,79,182,71,69,82,79,72,72,81,71,,,597,17566,v10.15
Aurelien,Tchouameni,1525,France,Real Madrid,DM,R,79,185,70,68,80,73,81,79,82,65,,,598,17125,v10.15
Ismael,Bennacer,1525,Algeria,AC MIlan,DM,L,79,175,70,76,79,80,67,79,81,63,,,595,,v10.15
Filip,Kostic,1525,Serbia,Juventus,LM,L,79,184,81,83,80,78,61,63,81,67,,,594,10286,v10.15
Jose Maria,Gimenez,1355,Uruguay,Atletico Madrid,CB,R,79,185,70,70,79,72,86,86,76,61,,,600,12127,v10.15
Lucas,Hernandez,1355,France,France,CB,L,79,184,79,78,77,73,81,84,73,53,,,598,15935,v10.15
Cristian,Romero,1355,Argentina,Tottenham,CB,R,79,185,73,73,77,73,83,84,75,54,,,592,17263,v10.15
Sergio,Ramos,1355,Spain,Paris SG,CB,R,79,184,68,66,72,74,84,84,79,69,,,596,369,v10.15
Pau,Torres,1355,Spain,Villareal,CB,L,79,191,72,71,77,77,83,81,74,58,,,593,17225,v10.15
William,Saliba,1355,France,Arsenal,CB,R,79,192,75,74,79,75,81,81,79,48,,,592,17387,v10.15
Ronald,Araujo,1355,Uruguay,Barcelona,CB,R,79,191,77,70,75,71,85,82,76,55,,,591,17859,v10.15
Lisandro,Martinez,1355,Argentina,Man United,CB,L,79,175,74,73,81,73,80,85,77,52,,,595,,v10.15
Dayot,Upamecano,1355,France,France,CB,R,79,186,82,73,76,70,83,79,75,52,,,590,,v10.15
Alejandro,Grimaldo,1355,Spain,Benfica,LB,L,79,171,82,82,82,76,60,73,80,60,,,595,15229,v10.15
Marcos,Acuna,1355,Argentina,Sevilla,LB,L,79,172,74,76,74,76,72,75,80,67,,,594,15844,v10.15
Denzel,Dumfries,1355,Netherlands,Inter,RB,R,79,185,84,81,82,69,82,70,72,63,,,603,14794,v10.15
Koen,Casteels,1225,Belgium,Belgium,GK,R,79,196,57,56,,59,60,42,65,,73,77,489,10095,v10.15
Hugo,Lloris,1225,France,Tottenham,GK,L,79,188,64,65,,60,61,54,61,,73,77,515,2591,v10.15
Inaki,Williams,1525,Ghana,Athletic Bilbao,CF,R,78,186,89,86,86,73,75,37,66,72,,,584,,v10.15
Luis,Suarez,1525,Uruguay,Uruguay,CF,R,78,182,69,71,75,81,73,53,74,87,,,583,2360,v10.15
Patrik,Schick,1525,Czech Republic,Czech Republic,CF,L,78,187,77,76,76,79,81,37,70,84,,,580,,v10.15
Tammy,Abraham,1525,England,Roma,CF,R,78,190,81,80,75,74,77,37,75,83,,,582,,v10.15
Darwin,Nunez,1525,Uruguay,Liverpool,CF,R,78,187,88,82,81,74,81,26,67,81,,,580,17755,v10.15
Zlatan,Ibrahimovic,1525,Sweden,AC Milan,CF,B,78,195,64,64,65,82,90,49,73,86,,,573,181,v10.15
Marcus,Thuram,1525,France,France,CF,R,78,192,83,75,72,79,80,38,70,79,,,576,,v10.15
Randal,Kolo Muani,1525,France,France,CF,R,78,187,83,81,74,80,70,39,74,76,,,577,,v10.15
Iago,Aspas,1525,Spain,Celta Vigo,CF,L,78,176,76,78,80,82,62,45,82,85,,,590,,v10.15
Edin,Dzeko,1525,Bosnia & Herzegovina,Inter,CF,R,78,193,69,65,77,81,86,49,73,84,,,584,,v10.15
Martin,Terrier,1525,France,Rennes,LW,R,78,184,80,80,74,75,72,49,72,83,,,585,,v10.0
Jadon,Sancho,1525,England,Man United,LW,R,78,180,80,85,70,85,58,46,80,76,,,580,,v10.15
Ferran,Torres,1525,Spain,Barcelona,LW,R,78,184,79,82,74,80,61,50,77,80,,,583,,v10.15
Cody,Gakpo,1525,Netherlands,Liverpool,LW,R,78,189,83,83,75,79,68,39,77,78,,,582,,v10.15
Lorenzo,Insigne,1525,Italy,Italy,LW,R,78,163,83,84,74,85,54,39,78,79,,,576,,v10.15
Ansu,Fati,1525,Spain,Barcelona,LW,R,78,178,89,88,62,82,53,56,75,71,,,576,17195,v10.15
Allan,Saint-Maximin,1525,France,Newcastle,LW,R,78,173,86,88,70,90,67,20,72,70,,,563,,v10.15
Moussa,Diaby,1525,France,France,LW,L,78,170,90,90,80,83,52,26,79,78,,,578,19392,v10.15
Gabriel,Martinelli,1525,Brazil,Arsenal,LW,R,78,180,83,86,75,82,62,36,75,75,,,574,,v10.15
,Raphinha,1525,Brazil,Barcelona,RW,L,78,176,80,84,75,82,64,50,73,78,,,586,15226,v10.15
Hirving,Lozano,1525,Mexico,Napoli,RW,R,78,177,86,88,72,78,62,48,71,76,,,581,15540,v10.15
Marco,Asensio,1525,Spain,Real Madrid,RW,L,78,182,79,81,71,82,62,45,79,80,,,579,13812,v10.15
,Rodrygo,1525,Brazil,Real Madrid,RW,R,78,174,83,85,77,82,67,35,77,74,,,580,17057,v10.15
,Antony,1525,Brazil,Man United,RW,L,78,174,85,87,73,83,56,52,72,74,,,582,17725,v10.15
Rafa,Silva,1525,Portugal,Benfica,SS,L,78,171,87,90,75,76,57,49,79,71,,,584,,v10.15
Joao,Felix,1525,Portugal,Chelsea,SS,B,78,180,80,83,70,82,65,48,75,75,,,578,16631,v10.15
Lucas,Paqueta,1410,Brazil,West Ham,AM,L,78,183,73,75,77,82,66,63,77,75,,,588,,v10.15
Nabil,Fekir,1410,France,Real Betis,AM,L,78,173,77,83,75,82,65,45,81,75,,,583,,v10.15
Iker,Muniain,1410,Spain,Athletic Bilbao,AM,R,78,169,79,82,76,83,59,49,82,75,,,585,,v10.15
Rodrigo,De Paul,1410,Argentina,Atletico Madrid,CM,R,78,181,75,77,80,77,63,71,79,71,,,593,,v10.15
Youri,Tielemans,1410,Belgium,Leicester,CM,R,78,176,66,69,76,81,71,66,83,78,,,590,,v10.15
Andre Zambo,Anguissa,1410,Cameroon,Napoli,CM,R,78,184,75,73,79,73,79,73,76,62,,,590,,v10.15
Fabian,Ruiz,1410,Spain,Paris SG,CM,L,78,189,66,67,83,81,67,71,85,79,,,599,,v10.15
Rodrigo,Bentancur,1410,Uruguay,Tottenham,CM,R,78,187,70,68,79,80,72,72,83,61,,,585,,v10.15
Adrien,Rabiot,1410,France,Juventus,CM,L,78,188,74,70,80,76,76,72,78,66,,,592,11114,v10.15
Daniel,Parejo,1410,Spain,Villareal,CM,R,78,182,65,66,85,84,65,64,88,75,,,592,,v10.15
Pierre-Emile,Hojbjerg,1410,Denmark,Tottenham,CM,R,78,185,66,64,85,73,77,82,81,70,,,598,13020,v10.15
Seko,Fofana,1410,Ivory Coast,RCD Lens,CM,R,78,183,71,71,80,73,79,66,75,73,,,588,,v10.15
Manuel,Locatelli,1410,Italy,Juventus,DM,R,78,186,66,63,76,79,79,77,79,70,,,589,,v10.15
Danilo,Pereira,1410,Portugal,Paris SG,DM,R,78,188,66,65,80,71,83,80,80,69,,,594,8009,v10.15
Ruben,Neves,1410,Portugal,Wolves,DM,R,78,180,65,65,79,77,73,74,82,77,,,592,,v10.15
Dusan,Tadic,1410,Serbia,Ajax,LM,L,78,181,70,69,83,79,77,45,83,80,,,586,,v10.15
Jonathan,Clauss,1410,France,Marseille,RM,R,78,178,81,81,82,70,65,75,79,61,,,594,,v10.15
,Otavio,1410,Portugal,Porto,RM,R,78,172,74,78,80,79,62,74,78,67,,,592,,v10.15
Cesar,Azpilicueta,1255,Spain,Chelsea,CB,R,78,178,69,69,77,75,75,84,77,65,,,591,,v10.15
Alessio,Romagnoli,1255,Italy,Lazio,CB,L,78,185,67,71,74,73,84,81,73,64,,,587,,v10.15
Leonardo,Bonucci,1255,Italy,Juventus,CB,R,78,190,67,64,78,74,84,84,78,67,,,596,2458,v10.15
Andreas,Christensen,1255,Denmark,Barcelona,CB,R,78,188,73,67,79,75,82,84,80,46,,,586,,v10.15
,Bremer,1255,Brazil,Juventus,CB,R,78,188,76,71,78,69,84,83,72,55,,,588,,v10.15
Min-Jae,Kim,1255,South Korea,Napoli,CB,R,78,190,79,73,77,69,85,82,75,44,,,584,,v10.15
Manuel,Akanji,1255,Switzerland,Man City,CB,R,78,187,76,75,78,73,81,79,77,45,,,584,,v10.15
Alessandro,Bastoni,1255,Italy,Inter,CB,L,78,190,75,68,79,73,82,82,75,55,,,589,,v10.15
Leonardo,Spinazzola,1255,Italy,Roma,LB,R,78,186,85,82,75,78,64,68,76,60,,,588,,v10.15
Alex,Sandro,1255,Brazil,Juventus,LB,L,78,181,77,78,75,75,76,77,76,54,,,588,,v10.15
Oleksandr,Zinchenko,1255,Ukraine,Arsenal,LB,L,78,175,70,72,78,77,74,73,79,64,,,587,,v10.15
Daniel,Carvajal,1255,Spain,Real Madrid,RB,R,78,173,77,80,74,75,75,79,75,52,,,587,10047,v10.15
Benjamin,Pavard,1255,France,France,RB,R,78,186,69,67,78,74,81,83,76,61,,,589,,v10.15
Andre,Onana,1135,Cameroon,Inter Milan,GK,R,78,190,65,67,,59,60,45,61,,73,77,507,15306,v10.15
Geronimo,Rulli,1135,Argentina,Villareal,GK,R,78,189,64,65,,54,60,45,59,,71,77,495,,v10.15
Jordan,Pickford,1135,England,Everton,GK,L,78,185,61,65,,59,47,49,65,,72,78,496,,v10.15
Wojciech,Szczesny,1135,Poland,Juventus,GK,R,78,195,57,57,,53,60,44,57,,74,77,479,,v10.15
,Kepa,1135,Spain,Chelsea,GK,R,78,186,66,63,,57,53,49,60,,72,77,497,,v10.15
Olivier,Giroud,1410,France,AC Milan,CF,L,77,193,66,63,78,80,88,43,75,84,,,577,5403,v10.0
Andre,Silva,1410,Portugal,Portugal,CF,R,77,182,76,76,74,79,74,39,73,84,,,575,,v10.15
Alvaro,Morata,1410,Spain,Atletico Madrid,CF,R,77,190,75,76,74,79,74,43,73,80,,,574,,v10.15
Ivan,Toney,1410,England,Brentford,CF,R,77,179,78,76,78,71,83,38,69,82,,,575,,v10.15
Moussa,Dembele,1410,France,Lyon,CF,R,77,183,78,78,73,73,80,40,66,82,,,570,,v10.15
Alexander,Isak,1410,Sweden,Newcastle,CF,R,77,192,80,79,75,79,72,40,71,79,,,575,,v10.15
Papu,Gomez,1410,Argentina,Sevilla,LW,R,77,167,82,85,65,82,62,38,76,75,,,565,,v10.15
Luis,Alberto,1300,Spain,Lazio,AM,L,77,183,71,70,75,80,68,60,82,76,,,582,,v10.0
Henrikh,Mkhitaryan,1300,Armenia,Inter Milan,AM,R,77,177,78,78,75,80,65,54,77,74,,,581,,v10.0
Hakim,Ziyech,1300,Morocco,Chelsea,AM,L,77,180,75,76,72,83,61,53,83,77,,,580,,v10.15
Dimitri,Payet,1300,France,Marseille,AM,R,77,174,72,75,75,83,64,42,85,82,,,578,,v10.15
Ruslan,Malinovski,1300,Ukraine,Atalanta,AM,L,77,181,72,72,75,76,69,60,76,78,,,578,,v10.0
Houssem,Aouar,1300,Algeria,Lyon,AM,R,77,175,72,74,72,82,61,65,79,72,,,577,,v10.15
David,Silva,1300,Spain,Real Sociedad,AM,L,77,170,68,69,70,85,66,55,85,78,,,576,,v10.15
James,Rodriguez,1300,Colombia,Colombia,AM,L,77,181,70,69,64,81,71,56,81,77,,,569,,v10.15
James,Ward-Prowse,1300,England,Southampton,CM,R,77,173,68,71,88,74,65,69,83,78,,,596,,v10.15
Konrad,Laimer,1300,Austria,Austria,CM,R,77,180,79,79,80,71,67,77,74,63,,,590,,v10.0
Georgino,Wijnaldum,1300,Netherlands,Roma,CM,R,77,175,68,69,80,77,70,71,78,72,,,585,,v10.15
Ivan,Rakitic,1300,Croatia,Sevilla,CM,R,77,184,67,69,71,80,68,68,83,75,,,581,,v10.15
,Saul,1300,Spain,Atletico Madrid,CM,L,77,183,71,73,69,77,70,69,78,73,,,580,,v10.15
Weston,McKennie,1300,USA,Juventus,CM,R,77,185,76,72,76,72,76,70,72,66,,,580,17591,v10.0
Arturo,Vidal,1300,Chile,Chile,CM,R,77,182,72,73,71,75,72,76,72,68,,,579,4736,v10.15
,Gavi,1300,Spain,Barcelona,CM,R,77,173,73,76,77,80,63,68,81,64,,,582,18129,v10.15
Granit,Xhaka,1300,Switzerland,Arsenal,CM,L,77,186,64,60,83,73,77,78,82,74,,,591,,v10.15
,Fred,1300,Brazil,Man United,CM,L,77,169,73,76,80,78,68,70,74,67,,,586,,v10.15
Renato,Sanches,1300,Portugal,Paris SG,CM,R,77,176,79,80,70,80,63,61,73,67,,,573,,v10.15
Denis,Zakaria,1300,Switzerland,Chelsea,DM,R,77,191,83,71,74,73,77,70,75,56,,,579,,v10.15
Tomas,Soucek,1300,Czech Republic,West Ham,DM,R,77,192,69,68,88,70,79,76,70,69,,,589,,v10.15
Ibrahim,Sangare,1300,Ivory Coast,PSV,DM,R,77,181,69,69,82,71,83,80,74,59,,,587,,v10.15
Robin,Gosens,1300,Germany,Atalanta,LM,L,77,183,80,82,78,73,66,62,79,65,,,585,,v10.15
David,Neres,1300,Brazil,Benfica,RM,L,77,176,83,85,72,82,59,44,74,74,,,573,,v10.15
Jarrod,Bowen,1300,England,West Ham,RM,L,77,175,79,83,86,75,63,47,73,78,,,584,,v10.15
Presnel,Kimpembe,1160,France,Paris SG,CB,L,77,183,72,71,82,75,81,81,75,46,,,583,,v10.15
John,Stones,1160,England,Man City,CB,R,77,188,74,73,75,74,81,78,75,50,,,580,,v10.0
Raul,Albiol,1160,Spain,Villareal,CB,R,77,190,65,64,81,72,84,85,76,63,,,590,,v10.15
Sven,Botman,1160,Netherlands,Newcastle,CB,L,77,193,69,64,82,72,87,86,75,50,,,585,,v10.15
Roger,Ibanez,1160,Brazil,Roma,CB,R,77,186,78,78,75,68,79,82,74,51,,,585,,v10.15
Luke,Shaw,1160,England,Man United,LB,L,77,185,76,74,76,72,77,77,79,50,,,581,12072,v10.15
Alex,Moreno,1160,Spain,Aston Villa,LB,L,77,179,82,82,76,72,68,76,68,56,,,580,,v10.15
Yuri,Berchiche,1160,Spain,Athletic Bilbao,LB,L,77,181,77,77,76,74,78,79,71,45,,,577,,v10.0
Reinildo,Mandava,1160,Mozambique,Atletico Madrid,LB,L,77,178,82,84,78,69,72,75,69,50,,,579,,v10.15
Mario,Rui,1160,Portugal,Napoli,LB,L,77,168,77,80,80,73,55,73,80,71,,,589,,v10.15
Alex,Telles,1160,Brazil,Sevilla,LB,L,77,184,76,76,74,74,64,76,74,68,,,582,,v10.15
Nuno,Mendes,1160,Portugal,Paris SG,LB,L,77,176,84,85,72,74,65,72,76,44,,,572,,v10.15
Thomas,Meunier,1160,Belgium,Belgium,RB,R,77,191,73,73,75,75,78,73,75,55,,,577,,v10.15
Jesus,Navas,1160,Spain,Sevilla,RB,R,77,171,81,81,71,76,56,65,78,69,,,577,,v10.15
Lucas,Vazquez,1160,Spain,Real Madrid,RB,R,77,173,80,81,70,77,57,71,76,69,,,581,,v10.15
Yassine,Bounou,1045,Morocco,Sevilla,GK,L,77,190,67,64,,59,58,47,56,,71,76,498,,v10.15
David,Ospina,1045,Colombia,Colombia,GK,R,77,182,65,66,,58,60,48,60,,72,75,504,,v10.15
Alex,Remiro,1045,Spain,Real Sociedad,GK,R,77,192,58,56,,60,63,40,58,,73,74,482,,v10.15
Aaron,Ramsdale,1045,England,Arsenal,GK,R,77,188,59,58,,56,59,43,61,,73,76,485,,v10.15
Emiliano,Martinez,1045,Argentina,Aston Villa,GK,R,77,192,58,56,,59,62,42,57,,75,73,482,,v10.15
Gregor,Kobel,1045,Switzerland,Switzerland,GK,R,77,194,58,56,,56,61,46,55,,71,77,480,,v10.15
Goncalo,Guedes,1295,Portugal,Wolves,CF,R,76,179,82,84,72,78,61,42,71,73,,,563,,v10.15
Jamie,Vardy,1295,England,Leicester,CF,R,76,179,79,80,66,79,66,31,72,84,,,557,10174,v10.15
Edinson,Cavani,1295,Uruguay,Valencia,CF,R,76,184,70,69,72,77,75,56,72,81,,,572,,v10.15
Mehdi,Taremi,1295,Iran,Porto,CF,R,76,187,75,73,77,78,75,33,75,81,,,567,,v10.0
Andy,Delort,1295,Algeria,OGC Nice,CF,R,76,182,81,78,72,70,78,39,69,79,,,566,,v10.15
Ante,Rebic,1295,Croatia,AC Milan,CF,R,76,185,79,79,73,77,74,38,69,74,,,563,,v10.0
Breel,Embolo,1295,Switzerland,Monaco,CF,R,76,185,82,78,69,71,81,46,65,75,,,567,,v10.15
Andrea,Belotti,1295,Italy,Roma,CF,R,76,181,74,72,78,75,82,42,70,80,,,573,,v10.15
Andrej,Kramaric,1295,Croatia,Croatia,CF,R,76,180,69,71,81,77,77,43,74,81,,,573,,v10.15
Raul,De Tomas,1295,Spain,Vallecano,CF,R,76,180,73,73,79,78,72,39,72,82,,,568,17157,v10.15
Jonathan,David,1295,Canada,Lille,CF,B,76,175,84,83,80,74,62,40,73,80,,,576,,v10.15
Youssef,En-Nesyri,1295,Morocco,Sevilla,CF,L,76,188,79,76,69,74,79,40,67,79,,,563,,v10.15
Arnaut,Danjuma,1295,Netherlands,Tottenham,CF,R,76,178,80,81,71,79,62,40,71,80,,,564,,v10.15
Matheus,Cunha,1295,Brazil,Wolves,CF,R,76,184,81,81,72,77,63,44,69,76,,,563,,v10.15
Jose Luis,Morales,1295,Spain,Villareal,CF,R,76,180,79,80,74,79,63,44,68,77,,,564,,v10.15
Eden,Hazard,1295,Belgium,Real Madrid,LW,R,76,175,75,81,63,84,64,33,80,77,,,557,4053,v10.15
Lucas,Ocampos,1295,Argentina,Sevilla,LW,B,76,187,75,75,75,78,68,51,72,73,,,567,,v10.15
Nicolas,Gonzalez,1295,Argentina,Fiorentina,LW,L,76,180,82,79,71,79,68,38,72,74,,,563,,v10.15
Luis,Sinisterra,1295,Colombia,Leeds,LW,R,76,172,85,87,69,82,49,44,76,71,,,563,,v10.15
Jonathan,Bamba,1295,France,Lille,LW,R,76,178,85,86,74,74,62,42,73,68,,,564,,v10.15
Alexis,Saelemaekers,1295,Belgium,AC Milan,RW,R,76,180,78,77,76,77,64,56,73,70,,,571,,v10.15
Lucas,Moura,1295,Brazil,Tottenham,RW,R,76,172,82,85,70,83,59,42,72,73,,,566,,v10.15
Jesus,Corona,1295,Mexico,Sevilla,RW,B,76,173,77,80,70,81,59,56,74,66,,,563,,v10.15
Adama,Traore,1295,Spain,Wolves,RW,R,76,178,90,87,63,76,81,21,66,62,,,546,,v10.15
Felipe,Anderson,1295,Brazil,Lazio,RW,R,76,182,79,80,74,81,62,47,75,72,,,570,,v10.15
Joaquin,Correa,1295,Argentina,Inter Milan,SS,R,76,188,80,82,73,81,59,48,72,75,,,570,,v10.15
Philippe,Coutinho,1195,Brazil,Aston Villa,AM,R,76,172,77,80,75,83,52,48,80,79,,,574,1866,v10.15
Alexis,Mac Allister,1195,Argentina,Brighton,AM,R,76,174,69,71,78,77,63,65,80,77,,,580,,v10.15
Brais,Mendez,1195,Spain,Real Sociedad,AM,L,76,183,71,71,74,77,69,60,79,73,,,574,,v10.15
Jordan,Henderson,1195,England,Liverpool,CM,R,76,182,67,67,80,77,72,68,80,70,,,581,1251,v10.15
John,McGinn,1195,Scotland,Aston Villa,CM,L,76,178,68,71,78,73,70,74,75,69,,,578,,v10.15
Jordan,Veretout,1195,France,Marseille,CM,R,76,177,80,77,80,70,70,66,78,58,,,579,,v10.15
Marcel,Sabitzer,1195,Austria,Man United,CM,R,76,183,69,69,75,76,67,66,79,76,,,577,,v10.15
Mario,Pasalic,1195,Croatia,Atalanta,CM,R,76,186,70,68,72,74,75,62,73,78,,,572,,v10.15
Carlos,Soler,1195,Spain,Paris SG,CM,R,76,183,78,76,76,74,66,47,76,78,,,571,,v10.15
Eduardo,Camavinga,1195,France,Real Madrid,CM,L,76,182,74,71,74,78,67,71,79,63,,,577,,v10.15
Tanguy,Ndombele,1195,France,Napoli,CM,R,76,181,68,73,63,81,69,65,78,66,,,563,,v10.15
Enzo,Fernandez,1195,Argentina,Chelsea,CM,R,76,180,70,72,81,75,68,72,82,61,,,581,,v10.15
Benjamin,Andre,1195,France,Lille,CM,R,76,177,68,68,83,71,79,81,75,56,,,581,,v10.15
,Vitinha,1195,Portugal,Paris SG,CM,R,76,172,72,74,77,79,62,61,78,70,,,573,,v10.15
Axel,Witsel,1195,Belgium,Atletico Madrid,DM,R,76,186,65,62,76,73,80,76,81,68,,,581,,v10.0
Joao,Palhinha,1195,Portugal,Fulham,DM,R,76,189,66,65,81,70,79,79,72,67,,,579,,v10.0
Yves,Bissouma,1195,Mali,Tottenham,DM,R,76,182,70,72,73,70,76,79,73,66,,,579,,v10.15
Kalvin,Phillips,1195,England,Man City,DM,R,76,177,70,70,77,74,72,77,78,64,,,582,,v10.15
Teun,Koopmeiners,1195,Netherlands,Atlanta,DM,L,76,183,69,67,85,72,71,71,78,72,,,585,,v10.15
Leandro,Paredes,1195,Argentina,Juventus,DM,R,76,180,70,69,72,77,66,71,79,68,,,572,,v10.15
Stanislav,Lobotka,1195,Slovakia,Napoli,DM,B,76,170,70,73,81,74,65,73,81,69,,,586,,v10.15
Geoffrey,Kondogbia,1195,Central African Rep.,Atletico Madrid,DM,L,76,188,71,70,73,69,82,78,73,61,,,577,,v10.15
Marten,De Roon,1195,Netherlands,Atalanta,DM,R,76,185,67,66,85,75,73,79,71,63,,,579,,v10.15
Scott,McTominay,1195,Scotland,Man United,DM,R,76,193,68,66,76,70,82,77,70,66,,,575,,v10.15
Harvey,Barnes,1195,England,Leicester,LM,R,76,180,79,80,71,79,60,48,77,73,,,567,,v10.15
Emile,Smith Rowe,1195,England,Arsenal,LM,R,76,182,75,77,72,80,65,43,76,77,,,565,,v10.15
Ricardo,Horta,1195,Portugal,Braga,LM,R,76,173,77,79,71,75,65,55,74,72,,,568,,v10.15
Vincenzo,Grifo,1195,Italy,Italy,LM,R,76,180,74,76,75,79,68,41,80,77,,,570,,v10.15
Gelson,Martins,1195,Portugal,Monaco,RM,R,76,173,89,91,71,80,49,45,69,66,,,560,,v10.0
Miguel,Almiron,1195,Paraguay,Newcastle,RM,L,76,176,81,83,76,77,60,47,71,73,,,568,16637,v10.15
Ibrahima,Konate,1070,France,Liverpool,CB,R,76,194,75,71,71,72,84,79,72,48,,,572,,v10.15
Eric,Dier,1070,England,Tottenham,CB,R,76,188,66,64,82,69,82,77,75,68,,,583,,v10.0
Jan,Vertonghen,1070,Belgium,Benfica,CB,L,76,189,66,65,81,69,81,82,73,65,,,582,,v10.15
Viktor,Lindelof,1070,Sweden,Man United,CB,R,76,187,71,68,77,72,82,78,74,54,,,576,14346,v10.15
Jurrien,Timber,1070,Netherlands,Ajax,CB,R,76,182,81,77,73,69,74,78,72,52,,,576,,v10.15
Nathan,Ake,1070,Netherlands,Man City,CB,L,76,180,74,75,69,69,79,80,73,56,,,575,12164,v10.0
Harry,Maguire,1070,England,Man United,CB,R,76,194,65,64,79,72,85,82,74,53,,,574,7400,v10.15
Robin,Le Normand,1070,France,Real Sociedad,CB,R,76,186,68,67,82,72, ,79,74,51,,,493,,v10.0
Amir,Rrahmani,1070,Kosovo,Napoli,CB,B,76,192,70,65,79,70,84,82,76,50,,,576,,v10.15
,Gabriel,1070,Brazil,Arsenal,CB,L,76,190,70,65,73,71,84,82,76,57,,,578,,v10.15
Ben,White,1070,England,Arsenal,CB,R,76,182,72,69,81,73,76,79,76,49,,,575,,v10.15
Josko,Gvardiol,1070,Croatia,Croatia,CB,L,76,185,75,74,69,71,79,77,75,48,,,568,,v10.15
Chris,Smalling,1070,England,Roma,CB,R,76,192,74,64,76,70,83,79,74,55,,,575,,v10.15
Mario,Hermoso,1070,Spain,Atletico Madrid,CB,L,76,184,75,71,73,71,77,81,69,53,,,570,,v10.15
,Diego Carlos,1070,Brazil,Aston Villa,CB,R,76,186,71,70,73,72,80,78,73,56,,,573,,v10.15
Clement,Lenglet,1070,France,Tottenham,CB,L,76,186,72,69,74,73,79,77,75,51,,,570,,v10.15
Ben,Chilwell,1070,England,Chelsea,LB,L,76,180,72,72,72,73,72,73,79,62,,,575,,v10.15
Marc,Cucurella,1070,Spain,Chelsea,LB,L,76,175,74,77,82,73,67,76,74,58,,,581,17342,v10.15
Marcos,Alonso,1070,Spain,Barcelona,LB,L,76,189,68,67,76,73,79,73,70,73,,,579,,v10.15
Daley,Blind,1070,Netherlands,Ajax,LB,L,76,180,66,68,76,76,76,78,80,58,,,578,,v10.0
Javi,Galan,1070,Spain,Celta Vigo,LB,L,76,172,75,75,86,82,62,79,72,41,,,572,,v10.15
Juan,Bernat,1070,Spain,Paris SG,LB,L,76,177,79,77,72,75,64,72,75,61,,,575,,v10.15
Nicolas,Tagliafico,1070,Argentina,Lyon,LB,L,76,171,77,78,79,70,74,80,72,50,,,580,,v10.15
Ander,Capa,1070,Spain,Atletic Bilbao,RB,R,76,173,80,77,72,76,59,73,68,66,,,571,,v10.0
,Danilo,1070,Brazil,Juventus,RB,R,76,184,75,76,71,73,75,74,73,53,,,570,,v10.0
Hector,Bellerin,1070,Spain,Barcelona,RB,R,76,177,82,80,76,75,64,69,68,54,,,568,11256,v10.15
Diogo,Dalot,1070,Portugal,Man United,RB,R,76,183,76,78,75,73,73,74,74,46,,,569,,v10.15
Aaron,Wan-Bissaka,1070,England,Man United,RB,R,76,183,81,81,73,71,73,78,61,48,,,566,16380,v10.15
Kasper,Schmeichel,965,Denmark,OGC Nice,GK,R,76,189,51,49,,55,64,39,61,,73,73,465,,v10.15
Jose,Sa,965,Portugal,Wolves,GK,R,76,192,56,55,,49,60,48,50,,73,74,465,,v10.15
Odysseas,Vlachodimos,965,Greece,Benfica,GK,R,76,191,66,70,,63,63,41,61,,71,73,508,,v10.15
Alphonse,Areola,965,France,West Ham,GK,R,76,191,63,66,,59,61,43,60,,69,75,496,,v10.0
Walter,Benitez,965,Argentina,PSV,GK,R,76,191,66,62,,51,57,36,52,,73,74,471,,v10.0
Fernando,Muslera,965,Uruguay,Uruguay,GK,R,76,190,57,55,,57,60,50,56,,71,75,481,,v10.15
Marko,Dmitrovic,965,Serbia,Sevilla,GK,L,76,194,67,65,,52,60,37,54,,71,74,480,,v10.15
Alban,Lafont,965,France,Nantes,GK,R,76,193,65,66,,53,57,40,55,,69,75,480,,v10.15
Raul,Jimenez,1190,Mexico,Wolves,CF,R,75,190,75,67,72,77,79,44,70,78,,,562,,v10.0
Giovanni,Simeone,1190,Argentina,Napoli,CF,R,75,181,78,79,71,71,69,43,68,81,,,560,14951,v10.15
Callum,Wilson,1190,England,Newcastle,CF,R,75,180,80,75,70,73,73,39,66,80,,,556,,v10.15
Divock,Origi,1190,Belgium,AC Milan,CF,R,75,185,79,76,62,73,73,40,67,77,,,547,,v10.0
Michail,Antonio,1190,Jamaica,West Ham,CF,R,75,182,79,74,72,68,80,45,70,72,,,560,,v10.0
Marko,Arnautovic,1190,Austria,Bologna,CF,B,75,192,74,72,72,74,80,38,71,75,,,556,,v10.15
,Joselu,1190,Spain,Espanyol,CF,R,75,191,66,63,81,75,84,39,69,80,,,557,,v10.15
Julian,Alvarez,1190,Argentina,Man City,CF,R,75,170,77,82,69,76,64,39,73,77,,,557,,v10.15
Aleksandar,Mitrovic,1190,Serbia,Fulham,CF,R,75,190,67,65,74,72,89,45,68,80,,,560,,v10.15
Borja,Iglesias,1190,Spain,Real Betis,CF,R,75,187,73,66,69,72,82,40,70,82,,,554,,v10.15
Alexis,Sanchez,1190,Chile,Marseille,CF,R,75,171,74,75,66,76,66,48,73,77,,,555,,v10.15
Dries,Mertens,1190,Belgium,Belgium,CF,R,75,169,72,73,68,81,60,45,77,80,,,556,,v10.15
Gaetan,Laborde,1190,France,OGC Nice,CF,L,75,181,75,75,78,72,80,33,69,79,,,561,,v10.15
Leandro,Trossard,1190,Belgium,Brighton,LW,R,75,172,75,76,79,77,59,57,72,75,,,570,,v10.15
Thorgan,Hazard,1190,Belgium,PSV,LW,R,75,174,76,80,69,79,65,47,72,71,,,559,,v10.15
Moses,Simon,1190,Nigeria,Nantes,LW,R,75,168,86,86,71,78,58,36,73,70,,,558,,v10.15
Karl,Toko Ekambi,1190,Cameroon,Lyon,LW,R,75,186,82,78,70,77,69,33,71,77,,,557,,v10.15
Justin,Kluivert,1190,Netherlands,Valencia,LW,B,75,175,84,83,76,77,68,26,70,72,,,556,,v10.15
Ademola,Lookman,1190,Nigeria,Atalanta,LW,R,75,174,80,85,68,78,54,40,73,76,,,554,,v10.15
Mykhailo,Mudryk,1190,Ukraine,Chelsea,LW,R,75,175,90,92,71,77,55,35,66,66,,,552,,v10.15
Pablo,Sarabia,1190,Spain,Wolves,RW,L,75,174,73,79,77,81,60,41,80,76,,,567,,v10.15
Junior,Messias,1190,Brazil,AC Milan,RW,L,75,174,78,78,69,78,66,48,71,74,,,562,,v10.0
Giacomo,Raspadori,1190,Italy,Napoli,SS,B,75,172,76,78,75,78,63,35,74,77,,,556,,v10.15
,Joelinton,1095,Brazil,Newcastle,AM,R,75,186,69,66,73,71,82,72,71,66,,,570,,v10.0
Brahim,Diaz,1095,Spain,AC Milan,AM,B,75,170,77,78,74,72,62,46,77,77,,,563,,v10.0
Dani,Olmo,1095,Spain,Spain,AM,R,75,179,70,74,73,83,63,39,80,74,,,556,,v10.15
,Isco,1095,Spain,Sevilla,AM,R,75,175,70,70,65,84,63,45,79,74,,,550,,v10.0
Denis,Suarez,1095,Spain,Celta Vigo,AM,R,75,181,77,74,63,81,63,54,64,75,,,551,,v10.15
Mohammed,Kudus,1095,Ghana,Ajax,AM,L,75,177,82,84,64,79,60,44,73,70,,,556,,v10.15
Giovani,Lo Celso,1095,Argentina,Villareal,AM,L,75,177,72,77,67,77,69,51,72,71,,,556,,v10.15
Steven,Berghuis,1095,Netherlands,Ajax,AM,L,75,182,74,75,79,79,58,48,79,79,,,571,,v10.15
Naby,Keita,1095,Mali,Liverpool,CM,R,75,172,67,76,65,79,63,70,77,68,,,565,,v10.15
Abdoulaye,Doucoure,1095,Mali,Everton,CM,R,75,182,69,67,81,72,77,73,74,63,,,576,,v10.0
Matteo,Guendouzi,1095,France,Marseille,CM,R,75,185,70,72,81,74,69,66,77,66,,,575,,v10.15
Conor,Gallagher,1095,England,Chelsea,CM,R,75,182,72,73,82,73,66,61,72,73,,,572,,v10.15
Thomas,Delaney,1095,Denmark,Sevilla,CM,L,75,182,71,71,72,70,80,76,70,61,,,571,,v10.15
Donny,Van De Beek,910,Netherlands,Man United,CM,R,73,182,67,67,63,72,66,68,76,69,,,548,,v10.15
Valentin,Rongier,1095,France,Marseille,CM,R,75,184,71,69,78,76,69,70,74,66,,,573,,v10.15
Joao,Moutinho,1095,Portugal,Wolves,CM,R,75,182,59,59,76,79,68,75,81,72,,,569,,v10.0
Corentin,Tolisso,1095,France,Lyon,CM,R,75,181,68,67,71,74,73,68,78,68,,,567,,v10.15
Xaver,Schlager,1095,Austria,Austria,CM,L,75,174,68,75,84,68,73,76,71,63,,,578,,v10.15
Joan,Jordan,1095,Spain,Sevilla,CM,R,75,185,73,72,73,75,62,69,76,65,,,565,,v10.15
Manu,Trigueros,1095,Spain,Villareal,CM,R,75,178,66,65,75,78,63,68,78,70,,,563,,v10.15
Nemanja,Matic,1095,Serbia,Roma,DM,L,75,194,63,60,71,75,80,76,77,69,,,571,,v10.15
Lucas,Torreira,1095,Uruguay,Fiorentina,DM,R,75,167,73,73,74,72,71,68,69,69,,,569,,v10.15
Wilfred,Ndidi,1095,Nigeria,Leicester,DM,R,75,183,69,65,81,73,79,79,74,54,,,574,,v10.15
Joao,Mario,1095,Portugal,Benfica,LM,R,75,179,68,68,77,77,66,68,78,68,,,570,,v10.0
Nicolas,Pepe,1095,Ivory Coast,OGC Nice,RM,L,75,183,82,84,64,76,63,41,74,72,,,556,,v10.15
Sebastian,Coates,985,Uruguay,Sporting CP,CB,R,75,199,69,67,80,65,89,82,69,46,,,567,,v10.15
Wesley,Fofana,985,France,Chelsea,CB,R,75,190,74,70,74,69,79,78,70,51,,,565,,v10.15
Joe,Gomez,985,England,Liverpool,CB,R,75,188,79,73,64,72,79,77,71,42,,,557,,v10.15
Simon,Kjaer,985,Denmark,AC Milan,CB,R,75,190,67,67,69,71,83,79,72,52,,,560,,v10.15
Kurt,Zouma,985,France,West Ham,CB,R,75,190,72,71,74,66,87,76,63,50,,,559,,v10.15
,Nacho,985,Spain,Real Madrid,CB,R,75,180,78,75,68,68,74,77,71,54,,,565,,v10.15
Davinson,Sanchez,985,Colombia,Tottenham,CB,R,75,187,73,68,69,70,82,79,72,51,,,564,,v10.15
Inigo,Martinez,985,Spain,Athletic Bilbao,CB,R,75,177,71,71,74,66,83,78,69,56,,,568,,v10.15
Nicolas,Otamendi,985,Argentina,Benfica,CB,R,75,182,59,64,79,74,78,82,75,59,,,570,,v10.15
Renan,Lodi,985,Brazil,Nott. Forest,LB,L,75,178,81,78,72,72,68,74,70,51,,,566,,v10.0
Raphael,Guerreiro,985,Portugal,Portugal,LB,L,75,170,74,77,72,73,62,67,74,66,,,565,11618,v10.0
Lucas,Digne,985,France,Aston Villa,LB,L,75,178,72,74,74,72,70,71,73,54,,,560,,v10.0
Kieran,Tierney,985,Scotland,Arsenal,LB,L,75,178,85,85,73,71,66,62,70,48,,,560,,v10.15
Sergio,Reguilon,985,Spain,Atletico Madrid,LB,L,75,178,78,83,69,70,72,73,65,55,,,565,,v10.15
Nordi,Mukiele,985,France,Paris SG,RB,R,75,185,79,76,77,71,78,76,70,38,,,565,,v10.15
Sergino,Dest,985,USA,AC Milan,RB,R,75,175,81,85,73,73,65,73,71,43,,,564,17190,v10.15
Sergi,Roberto,985,Spain,Barcelona,RB,R,75,178,75,72,68,74,66,70,76,63,,,564,,v10.15
,Ricardo,985,Portugal,Leicester,RB,R,75,175,79,79,67,70,68,74,70,54,,,561,,v10.15
Kevin,Mbabu,985,Switzerland,Fulham,RB,R,75,182,81,81,70,73,74,71,69,37,,,556,,v10.15
Noussair,Mazraoui,985,Morocco,Morocco,RB,R,75,183,79,79,76,75,65,72,75,46,,,567,,v10.15
Davide,Calabria,985,Italy,AC Milan,RB,R,75,177,76,76,76,68,71,74,72,50,,,563,,v10.15
Nahuel,Molina,985,Argentina,Atletico Madrid,RB,R,75,175,81,82,76,70,61,71,73,60,,,574,,v10.15
Pedro,Porro,985,Spain,Tottenham,RB,R,75,176,76,77,71,70,68,73,74,60,,,569,,v10.15
Unai,Simon,885,Spain,Athletic Bilbao,GK,R,75,190,57,55,,57,60,47,59,,73,72,480,,v10.0
Bernd,Leno,885,Germany,Fulham,GK,R,75,190,59,60,,58,61,43,57,,70,73,481,,v10.15
Pau,Lopez,885,Spain,Marseille,GK,L,75,188,63,65,,58,56,35,58,,72,73,480,,v10.15
Wout,Weghorst,1090,Netherlands,Man United,CF,R,74,197,63,61,74,72,88,43,70,77,,,548,,v10.15
Haris,Seferovic,1090,Switzerland,Benfica,CF,L,74,183,72,67,63,74,81,42,71,77,,,547,,v10.15
Maxi,Gomez,1090,Uruguay,Valencia,CF,R,74,186,61,63,78,76,81,56,70,75,,,560,,v10.0
Ollie,Watkins,1090,England,Aston Villa,CF,R,74,180,82,79,72,71,72,30,70,74,,,550,,v10.0
Patson,Daka,1090,Zambia,Leicester,CF,R,74,182,84,87,68,69,62,32,67,74,,,543,,v10.15
Eric,Choupo-Moting,1090,Cameroon,Cameroon,CF,R,74,189,68,66,68,77,76,39,72,75,,,541,,v10.15
Kasper,Dolberg,1090,Denmark,Denmark,CF,R,74,186,77,76,77,75,62,31,73,77,,,548,,v10.15
Sofiane,Boufal,1090,Morocco,Angers,LW,R,74,170,79,79,67,83,52,49,67,70,,,546,,v10.0
Leon,Bailey,1090,Jamaica,Aston Villa,RW,L,74,178,88,89,59,74,63,30,70,68,,,541,,v10.0
Matteo,Politano,1090,Italy,Napoli,RW,L,74,171,79,80,69,76,51,47,75,75,,,552,,v10.15
Xherdan,Shaqiri,1090,Switzerland,Switzerland,RW,L,74,170,72,71,67,75,69,41,77,78,,,550,,v10.15
Erik,Lamela,1090,Argentina,Sevilla,RW,L,74,183,74,74,67,80,59,52,73,71,,,550,,v10.15
Kevin,Volland,1090,Germany,Monaco,SS,L,74,179,72,73,76,73,73,39,73,76,,,555,10097,v10.0
,Rodrigo,1090,Spain,Leeds,SS,L,74,182,78,78,72,77,61,34,71,76,,,547,,v10.15
Hamed,Traore,1000,Ivory Coast,Sassuolo,AM,B,74,184,75,78,69,75,56,62,71,68,,,554,,v10.0
,Arthur,1000,Brazil,Liverpool,CM,R,74,172,64,70,67,82,57,64,83,62,,,549,,v10.15
Matheus,Nunes,1000,Portugal,Wolves,CM,R,74,183,70,72,74,73,67,66,69,66,,,557,,v10.0
Maxime,Lopez,1000,France,Sassuolo,DM,R,74,167,72,71,81,75,60,66,82,60,,,567,,v10.0
Edson,Alvarez,1000,Mexico,Ajax,DM,R,74,187,67,66,79,69,80,80,73,56,,,570,,v10.15
Pierre,Kalulu,900,France,AC Milan,CB,R,74,179,77,74,72,68,72,79,72,41,,,555,,v10.0
Jose,Fonte,900,Portugal,Lille,CB,R,74,188,61,57,82,70,86,79,72,52,,,559,,v10.15
Fabian,Schar,900,Switzerland,Newcastle,CB,R,74,187,64,61,76,69,81,79,72,61,,,563,,v10.15
Trevoh,Chalobah,900,England,Chelsea,CB,R,74,190,67,67,71,69,77,77,70,54,,,552,,v10.15
Eric,Bailly,900,Ivory Coast,Marseille,CB,R,74,187,74,71,76,68,82,77,65,44,,,557,,v10.15
Tyrell,Malacia,900,Netherlands,Man United,LB,L,74,176,80,80,75,70,66,72,70,47,,,560,,v10.15
Pervis,Estupinan,900,Ecuador,Brighton,LB,L,74,175,77,77,77,70,72,76,70,42,,,561,,v10.15
Konstantinos,Tsimikas,900,Greece,Liverpool,LB,L,74,179,76,79,73,68,67,70,71,49,,,553,,v10.15
Matty,Cash,900,Poland,Aston Villa,RB,R,74,185,73,73,85,67,70,76,70,57,,,571,,v10.0
Timothy,Castagne,900,Belgium,Leicester,RB,R,74,185,76,75,78,69,66,72,70,51,,,557,,v10.15
Takehiro,Tomiyasu,900,Japan,Arsenal,RB,R,74,188,71,69,71,69,74,75,72,50,,,551,,v10.15
Robert,Sanchez,810,Spain,Brighton,GK,R,74,197,57,58,,57,59,39,55,,72,71,468,,v10.15
Anthony,Lopes,810,Portugal,Lyon,GK,L,74,185,63,65,,59,55,39,61,,66,75,483,,v10.0
David,Raya,810,Spain,Brentford,GK,R,74,187,63,63,,55,59,43,60,,71,70,484,,v10.15
Pierluigi,Gollini,810,Italy,Napoli,GK,R,74,189,67,63,,54,55,37,63,,70,72,481,,v10.15
Emmanuel,Dennis,990,Nigeria,Nott. Forest,CF,R,73,175,79,83,67,73,63,41,63,70,,,539,,v10.15
Danny,Ings,990,England,Aston Villa,CF,R,73,178,71,71,73,71,71,46,67,77,,,547,,v10.0
Alexander,Sorloth,990,Norway,Real Sociedad,CF,L,73,195,77,71,71,69,80,36,65,71,,,540,,v10.0
Sasa,Kalajdzic,990,Austria,Wolves,CF,L,73,190,68,69,69,72,81,39,68,76,,,542,,v10.0
Kelechi,Iheanacho,990,Nigeria,Leicester,CF,L,73,185,77,77,69,73,65,38,72,73,,,544,,v10.15
Eddie,Nketiah,990,England,Arsenal,CF,R,73,175,76,79,69,72,61,34,72,73,,,536,,v10.15
,Rafa Mir,990,Spain,Sevilla,CF,R,73,189,80,73,69,69,77,33,62,74,,,537,,v10.15
Paul,Onuachu,990,Nigeria,Southampton,CF,R,73,201,72,65,68,70,87,28,65,78,,,533,,v10.15
,Munir,990,Morocco,Getafe,CF,L,73,175,73,77,64,76,62,45,71,71,,,539,,v10.15
Pedro,Neto,990,Portugal,Wolves,LW,L,73,172,81,81,60,77,53,41,72,70,,,535,,v10.0
Kaoru,Mitoma,990,Japan,Brighton,LW,R,73,178,76,82,62,78,54,45,69,69,,,535,,v10.15
Sofiane,Diop,990,France,OGC Nice,LW,R,73,175,69,72,69,79,55,56,73,70,,,543,,v10.15
,Suso,990,Spain,Sevilla,RW,L,73,177,72,76,66,78,54,54,75,71,,,546,,v10.15
Emiliano,Buendia,910,Argentina,Aston Villa,AM,R,73,172,69,72,71,78,62,53,75,69,,,549,,v10.0
Charles,De Ketelaere,910,Belgium,AC Milan,AM,L,73,192,72,73,75,78,69,31,73,69,,,540,,v10.0
Remy,Cabella,910,France,Lille,AM,R,73,171,72,74,71,75,50,59,80,71,,,552,,v10.15
Hans,Vanaken,910,Belgium,Belgium,AM,R,73,195,59,60,77,72,78,60,76,71,,,553,,v10.15
Curtis,Jones,910,England,Liverpool,CM,R,73,185,69,70,69,76,63,59,73,67,,,546,,v10.15
Ruben,Loftus-Cheek,910,England,Chelsea,CM,R,73,191,68,65,69,70,77,62,76,61,,,548,,v10.15
Youssouf,Fofana,910,France,Monaco,CM,R,73,176,66,67,73,72,70,73,69,58,,,548,,v10.0
Aaron,Ramsey,910,Wales,OGC Nice,CM,B,73,182,67,68,65,72,67,67,73,69,,,548,,v10.15
Erick,Pulgar,910,Chile,Chile,CM,R,73,186,67,68,69,72,72,62,71,62,,,543,,v10.0
Andre,Gomes,910,Portugal,Lille,CM,R,73,188,71,74,72,74,72,52,68,65,,,548,,v10.15
Djibril,Sow,910,Switzerland,Switzerland,CM,R,73,184,70,70,79,68,69,65,72,65,,,558,,v10.15
Oliver,Torres,910,Spain,Sevilla,CM,R,73,178,70,69,62,79,62,69,74,58,,,543,,v10.15
Alex,Oxlade-Chamberlain,910,England,Liverpool,CM,R,73,175,75,78,61,74,63,48,65,72,,,536,,v10.15
Tiemoue,Bakayoko,910,France,AC Milan,DM,R,73,184,63,65,74,70,78,72,75,54,,,551,,v10.0
Asier,Illaramendi,910,Spain,Real Sociedad,DM,R,73,177,65,64,59,70,78,72,72,60,,,540,,v10.0
Remo,Freuler,910,Switzerland,Nottingham Forest,DM,R,73,181,68,67,82,69,65,72,75,58,,,556,,v10.15
Moises,Caicedo,910,Ecuador,Brighton,DM,R,73,178,69,70,75,68,73,72,68,53,,,548,,v10.15
Aleksandr,Golovin,910,Russia,Monaco,LM,R,73,180,75,77,66,72,61,53,72,68,,,544,,v10.0
Michael,Olise,880,Nigeria,Crystal Palace,RM,L,73,185,72,79,67,76,62,49,69,65,,,539,,v10.0
James,Tarkowski,820,England,Everton,CB,R,73,185,68,65,77,63,83,81,69,52,,,558,,v10.0
Conor,Coady,820,England,Everton,CB,R,73,185,64,63,75,69,77,75,74,58,,,555,,v10.0
Jan,Bednarek,820,Poland,Aston Villa,CB,R,73,190,69,66,80,69,76,74,67,53,,,554,,v10.0
Nico,Elvedi,820,Switzerland,Switzerland,CB,R,73,189,70,63,73,72,76,72,77,46,,,549,,v10.15
Benoit,Badiashile,820,France,Chelsea,CB,L,73,194,67,61,70,69,81,73,72,50,,,543,,v10.15
Caglar,Soyuncu,820,Turkey,Leicester,CB,R,73,185,68,64,75,70,80,77,70,45,,,549,,v10.15
,Dante,820,Brazil,OGC Nice,CB,L,73,188,64,63,77,69,82,78,73,50,,,556,,v10.15
Mathias,Olivera,820,Uruguay,Napoli,LB,L,73,183,76,75,75,65,76,72,67,41,,,547,,v10.15
Alberto,Moreno,820,Spain,VIllareal,LB,L,73,171,79,77,69,70,61,70,70,44,,,540,,v10.15
,Dodo,820,Italy,Fiorentina,RB,R,73,166,81,83,71,72,60,67,65,37,,,536,,v10.15
Gonzalo,Montiel,820,Argentina,Sevilla,RB,R,73,176,82,80,66,68,59,75,67,51,,,548,,v10.15
Guillermo,Ochoa,735,Mexico,Salernitana,GK,R,73,183,55,56,,55,60,46,58,,67,72,469,,v10.15
Claudio,Bravo,735,Chile,Real Betis,GK,R,73,184,59,59,,64,52,47,64,,70,68,483,,v10.0
Alex,Meret,735,Italy,Napoli,GK,L,73,187,66,67,,49,56,39,54,,71,69,471,,v10.15
Andrea,Consigli,735,Italy,Sassuolo,GK,R,73,189,53,55,,54,59,40,55,,69,70,455,,v10.0
Alexander,Nubel,735,Germany,Monaco,GK,R,73,193,55,55,,57,59,35,58,,69,71,459,,v10.0
Thomas,Strakosha,735,Albania,Brentford,GK,R,73,193,65,66,,62,63,35,66,,70,69,496,,v10.15
Martin,Braithwaite,900,Denmark,Espanyol,CF,R,72,178,75,76,69,72,67,29,71,72,,,531,,v10.15
Hee-Chan,Hwang,900,South Korea,Wolves,CF,R,72,177,79,77,72,72,58,34,70,72,,,534,18170,v10.15
Terem,Moffi,900,Nigeria,OGC Nice,CF,L,72,188,82,80,70,68,68,26,64,73,,,531,,v10.15
Takumi,Minamino,900,Japan,Monaco,LW,R,72,175,81,82,72,72,53,37,69,73,,,539,,v10.0
Ismaila,Sarr,900,Senegal,Watford,RW,R,72,185,88,88,67,72,59,21,62,67,,,524,,v10.0
Noni,Madueke,900,England,Chelsea,RW,L,72,176,85,87,61,75,48,38,67,68,,,529,,v10.15
Eljif,Elmas,885,North Macedonia,Napoli,AM,R,72,182,76,76,67,69,57,52,76,66,,,539,,v10.15
,Pizzi,885,Portugal,Benfica,AM,R,72,173,69,71,62,79,52,53,74,71,,,531,,v10.15
Ross,Barkley,885,England,OGC Nice,AM,R,72,185,69,67,61,74,68,48,73,70,,,530,,v10.15
Matheus,Henrique,885,Brazil,Sassuolo,CM,R,72,175,69,72,72,73,55,67,78,57,,,543,,v10.0
Matias,Vecino,885,Uruguay,Lazio,CM,R,72,187,73,73,66,75,66,54,64,63,,,534,,v10.15
Pablo,Rosario,885,Netherlands,OGC Nice,CM,R,72,188,67,67,67,66,78,73,63,61,,,542,,v10.15
James,Milner,885,England,Liverpool,CM,R,72,177,64,63,80,69,70,64,74,67,,,551,,v10.15
Jean-Phillipe,Gbamin,885,Ivory Coast,Everton,DM,R,72,186,74,68,65,69,69,66,59,64,,,534,,v10.0
Gary,Medel,885,Chile,Bologna,DM,R,72,171,63,65,71,69,75,74,71,54,,,542,,v10.0
Maxence,Caqueret,885,France,Lyon,DM,R,72,174,70,74,75,73,57,76,72,48,,,545,,v10.0
Mohamed,Camara,885,Mali,Monaco,DM,R,72,174,74,77,71,65,66,72,69,48,,,542,,v10.0
Christian,Norgaard,885,Denmark,Brentford,DM,R,72,187,63,62,86,67,70,78,72,59,,,557,,v10.15
Boubakary,Soumare,885,France,Leicester,DM,R,72,188,69,70,68,69,78,71,73,35,,,533,,v10.15
Nemanja,Gudelj,885,Serbia,Sevilla,DM,R,72,187,62,60,73,68,78,70,73,59,,,543,,v10.15
,Fernando,885,Brazil,Sevilla,DM,R,72,183,68,67,71,67,73,72,73,55,,,546,,v10.15
Etienne,Capoue,885,France,Villareal,DM,R,72,187,71,72,70,71,64,62,71,62,,,543,,v10.15
Bryan,Gil,735,Spain,Sevilla,LM,L,72,175,75,75,68,75,59,48,74,64,,,538,,v10.15
Yeremi,Pino,885,Spain,Villareal,RM,R,72,172,72,74,69,74,59,52,71,69,,,540,,v10.15
Krepin,Diatta,885,Senegal,Monaco,RM,R,72,175,85,87,59,72,54,39,65,64,,,525,,v10.0
Duje,Caleta-Car,735,Croatia,Southampton,CB,R,72,192,64,65,71,65,81,72,75,57,,,550,,v10.0
Axel,Disasi,735,France,Monaco,CB,R,72,190,64,62,75,66,82,75,69,52,,,545,,v10.0
Eric,Garcia,735,Spain,Barcelona,CB,R,72,182,68,66,72,71,72,74,77,42,,,542,17762,v10.15
Nayef,Aguerd,735,Morocco,West Ham,CB,L,72,188,69,65,72,65,81,70,71,47,,,540,,v10.0
Juan,Jesus,735,Brazil,Napoli,CB,L,72,185,73,73,69,65,67,76,67,53,,,543,,v10.15
Castello,Lukeba,735,France,Lyon,CB,L,72,184,71,68,68,67,73,72,72,48,,,539,,v10.0
Jerome,Boateng,735,Germany,Lyon,CB,R,72,191,62,62,71,69,81,76,68,53,,,542,,v10.0
Tiago,Djalo,735,Portugal,Lille,CB,R,72,190,76,75,68,65,73,74,67,39,,,537,,v10.15
Phil,Jones,735,England,Man United,CB,R,72,188,67,65,66,63,81,75,68,54,,,539,,v10.15
Lewis,Dunk,735,England,Brighton,CB,R,72,192,64,63,78,64,82,79,68,51,,,549,,v10.15
,Marcao,735,Brazil,Sevilla,CB,L,72,185,62,64,74,70,80,74,67,51,,,542,,v10.15
Chancel,Mbemba,735,DR Congo,Marseille,CB,R,72,182,72,74,75,71,71,70,69,39,,,541,,v10.15
Samuel,Umtiti,735,France,Lecce,CB,L,72,180,67,67,53,70,74,75,71,49,,,526,,v10.15
Rayan,Ait Nouri,735,France,Wolves,LB,L,72,179,75,73,70,72,65,74,66,39,,,534,,v10.0
Ricardo,Rodriguez,735,Switzerland,Torino,LB,L,72,180,66,65,72,67,72,71,72,61,,,546,,v10.15
James,Justin,735,England,Leicester,LB,R,72,184,78,80,71,67,61,74,64,42,,,537,,v10.15
,Zaidu,735,Nigeria,Porto,LB,L,72,182,87,87,70,59,66,70,59,40,,,538,,v10.15
Alex,Balde,735,Spain,Barcelona,LB,L,72,175,81,82,69,70,56,66,72,37,,,533,,v10.15
Lutsharel,Geertruida,735,Netherlands,Feyernoord,RB,R,72,184,76,76,68,64,69,72,65,47,,,537,,v10.0
Tariq,Lamptey,735,Ghana,Brighton,RB,R,72,164,82,85,66,72,56,66,63,41,,,531,,v10.15
Youcef,Atal,735,Algeria,OGC Nice,RB,B,72,176,81,80,72,63,69,69,61,41,,,536,,v10.15
Justin,Bijlow,670,Netherlands,Feyernoord,GK,R,72,188,52,54,,54,53,36,58,,68,69,444,,v10.0
Gabriel,Arias,670,Chile,Chile,GK,R,72,188,44,43,,56,62,36,56,,68,69,434,,v10.0
Sergio,Rico,670,Spain,Paris SG,GK,R,72,194,61,61,,42,55,43,48,,68,70,448,,v10.15
,Diego Costa,815,Spain,Wolves,CF,R,71,186,61,63,67,72,84,36,65,75,,,523,,v10.0
Wahbi,Khazri,815,Tunisia,Montpellier,CF,R,71,182,68,68,67,72,61,52,69,73,,,530,,v10.0
Mohamed,Bayo,815,Guinea,Lille,CF,R,71,188,70,71,69,71,70,32,69,73,,,525,,v10.15
Noah,Okafor,815,Switzerland,Salzbrug,CF,R,71,185,82,82,67,65,65,31,62,70,,,524,,v10.15
Armando,Broja,815,Albania,Chelsea,CF,R,71,191,74,72,66,69,75,35,61,71,,,523,,v10.15
Joshua,Zirkzee,815,Netherlands,Bologna,CF,R,71,193,69,67,68,70,72,41,69,71,,,527,,v10.15
Arnaud,Kalimuendo,815,France,Rennes,CF,R,71,175,80,81,62,71,55,28,70,75,,,522,,v10.15
Stephan,El Shaarawy,815,Italy,Roma,LW,R,71,180,78,78,61,75,58,35,69,69,,,523,,v10.15
Adam,Ounas,815,Algeria,Lille,RW,L,71,175,77,81,63,74,52,40,72,62,,,521,,v10.15
Daniel,Podence,815,Portugal,Wolves,RW,R,71,165,87,87,64,73,48,34,68,64,,,525,,v10.0
Bryan,Mbeumo,815,Cameroon,Brentford,RW,L,71,173,76,78,75,69,60,41,66,68,,,533,,v10.15
Davy,Klaassen,745,Netherlands,Ajax,AM,R,71,182,70,70,67,68,67,50,68,70,,,530,,v10.0
Harvey,Elliot,745,England,Liverpool,AM,L,71,170,74,80,68,74,59,34,71,69,,,529,,v10.15
Oscar,Rodriguez,745,Spain,Celta Vigo,AM,R,71,174,66,69,68,70,59,63,74,68,,,537,,v10.0
Amine,Harit,745,Morocco,Marseille,AM,R,71,179,74,75,69,79,56,38,74,62,,,527,,v10.0
Fabio,Vieira,745,Portugal,Arsenal,AM,L,71,170,72,73,71,74,51,48,77,69,,,535,,v10.15
Davide,Frattesi,745,Italy,Sassuolo,CM,R,71,184,67,68,73,72,63,65,70,62,,,540,,v10.0
Pedro,Obiang,745,Equatorial Guinea,Sassuolo,CM,R,71,182,64,65,69,71,69,60,72,62,,,532,,v10.0
Kiernan,Dewsbury-Hall,745,England,Leicester,CM,L,71,177,66,68,75,71,63,65,72,59,,,539,,v10.15
Adam,Lallana,745,England,Brighton,CM,B,71,170,68,67,65,75,67,41,71,73,,,527,,v10.15
Pascal,Gross,745,Germany,Brighton,CM,R,71,181,59,59,69,70,70,63,75,71,,,536,,v10.15
Leander,Dendoncker,745,Belgium,Aston Villa,DM,R,71,186,72,70,66,71,66,58,67,56,,,526,,v10.0
Mohamed,Elneny,745,Egypt,Arsenal,DM,R,71,179,61,60,70,72,70,64,71,63,,,531,,v10.15
Diego,Demme,745,Germany,Napoli,DM,R,71,170,63,61,80,70,68,70,70,60,,,542,,v10.15
Mikkel,Damsgaard,745,Denmark,Brentford,LM,R,71,180,76,83,63,70,53,48,67,65,,,525,,v10.15
,Tete,745,Brazil,Leicester,RM,L,71,175,76,75,74,74,64,34,66,57,,,520,,v10.15
Solly,March,745,England,Brighton,RM,L,71,180,71,71,73,70,61,52,73,63,,,534,,v10.15
Ezri,Konsa,680,England,Aston Villa,CB,R,71,183,68,68,79,65,76,72,61,46,,,535,,v10.0
Mamadou,Sakho,680,France,Montpellier,CB,L,71,187,67,66,73,67,79,77,69,36,,,534,,v10.0
Romain,Saiss,680,Morocco,Wolves,CB,L,71,190,70,71,69,74,63,69,64,47,,,527,,v10.0
Paulo,Diaz,680,Chile,Chile,CB,R,71,178,72,72,75,65,70,74,66,37,,,531,,v10.0
Ben,Mee,680,England,Brentford,CB,L,71,182,65,63,70,63,83,75,63,52,,,534,,v10.15
Ethan,Pinnock,680,Jamaica,Brentford,CB,L,71,187,67,61,72,66,82,74,67,45,,,534,,v10.15
Wout,Faes,680,Belgium,Leicester,CB,R,71,188,65,63,73,67,76,78,69,42,,,533,,v10.15
Jannik,Vestergaard,680,Denmark,Leicester,CB,B,71,199,62,61,66,66,82,74,71,51,,,533,,v10.15
Diego,Godin,680,Uruguay,Uruguay,CB,R,71,185,60,57,70,70,77,74,71,53,,,532,,v10.15
Joel,Veltman,680,Netherlands,Brighton,CB,R,71,184,68,69,70,71,70,73,64,40,,,525,,v10.15
Karim,Rekik,680,Netherlands,Sevilla,CB,L,71,186,74,74,67,65,68,77,61,44,,,530,,v10.15
Jean-Clair,Todibo,680,France,OGC Nice,CB,R,71,190,66,69,69,69,72,68,66,53,,,532,,v10.15
,Henrique,680,Brazil,Lyon,LB,L,71,173,71,67,70,66,75,71,65,42,,,527,,v10.0
Rico,Henry,680,England,Brentford,LB,L,71,170,82,84,73,63,60,69,62,39,,,532,,v10.15
Alfonso,Pedraza,680,Spain,Villareal,LB,L,71,184,76,74,71,65,63,62,70,54,,,535,,v10.15
,Cedric,680,Portugal,Arsenal,RB,R,71,171,70,70,71,68,69,78,69,36,,,531,,v10.0
Falaye,Sacko,680,Mali,Montpellier,RB,R,71,179,85,84,66,69,62,71,55,30,,,522,,v10.0
Jonny,Otto,680,Spain,Wolves,RB,B,71,175,72,71,73,68,73,70,69,38,,,534,,v10.0
Ruben,Aguilar,680,France,Monaco,RB,R,71,172,78,76,62,70,62,65,69,39,,,521,,v10.0
Malo,Gusto,680,France,Lyon,RB,R,71,179,78,79,69,69,61,65,71,40,,,532,,v10.15
Steve,Mandanda,605,France,Rennes,GK,R,71,186,59,61,,62,59,57,58,,66,68,490,,v10.0
Salvatore,Sirigu,605,Italy,Fiorentina,GK,R,71,192,56,54,,54,55,44,49,,67,70,449,,v10.0
Adam,Armstrong,735,England,Southampton,CF,R,70,173,82,83,67,69,57,33,63,68,,,522,,v10.0
Jordan,Ayew,735,Ghana,Crystal Palace,CF,R,70,182,78,79,56,70,56,42,53,74,,,508,,v10.0
Joshua,King,735,Norway,Norway,CF,R,70,182,77,78,65,70,70,20,66,70,,,516,,v10.0
Joao,Pedro,735,Brazil,Watford,CF,R,70,182,75,76,70,70,65,34,64,67,,,521,,v10.0
Shon,Weissman,735,Israel,Granada,CF,R,70,174,74,73,72,68,62,41,64,71,,,525,,v10.0
Miguel,Borja,735,Colombia,Colombia,CF,R,70,183,74,77,68,66,78,21,57,72,,,513,,v10.0
Roger,Marti,735,Spain,Elche,CF,R,70,179,74,73,65,68,65,34,70,67,,,516,,v10.0
Kike,Garcia,735,Spain,Osasuna,CF,R,70,186,72,70,66,70,64,37,66,73,,,518,,v10.0
Adam,Hlozek,735,Czech Republic,Czech Republic,CF,R,70,188,72,70,64,67,76,35,67,68,,,519,,v10.0
Pere,Milla,735,Spain,Elche,CF,L,70,180,70,70,71,69,69,42,64,73,,,528,,v10.0
Burak,Yilmaz,735,Turkey,Turkey,CF,R,70,188,63,64,72,74,72,31,72,74,,,522,,v10.0
Michael,Gregoritsch,735,Austria,Austria,CF,L,70,193,63,60,70,67,84,40,60,71,,,515,,v10.0
Ryan,Kent,735,England,Rangers,LW,R,70,183,78,80,64,72,56,38,69,63,,,520,,v10.0
Oscar,Plano,735,Spain,Valladolid,LW,B,70,179,78,79,63,65,65,47,65,55,,,517,,v10.0
Armand,Lauriente,735,France,Sassuolo,LW,R,70,177,74,76,68,73,53,35,72,68,,,519,,v10.0
Thiago,Almada,670,Argentina,Argentina,AM,R,70,171,71,79,68,74,49,48,73,65,,,527,,v10.0
Andreas,Pereira,670,Brazil,Fulham,AM,R,70,177,70,72,64,67,60,49,72,72,,,526,,v10.0
Filip,Djuricic,670,Serbia,Sampdoria,AM,R,70,181,68,71,54,76,55,54,68,62,,,508,,v10.0
Yacine,Adli,670,France,Milan,CM,R,70,186,73,72,68,70,53,54,71,61,,,522,,v10.0
Joseph Alfred,Duncan,670,Ghana,Fiorentina,CM,L,70,178,72,71,73,64,67,55,60,70,,,532,,v10.0
Baptiste,Santamaria,670,France,Rennes,CM,R,70,176,70,67,70,68,66,55,66,60,,,522,,v10.15
Stuart,Armstrong,670,Scotland,Southampton,CM,R,70,180,69,70,71,71,58,59,69,61,,,528,,v10.0
Cheick,Doucoure,670,Mali,Crystal Palace,CM,R,70,180,68,68,76,65,65,72,72,47,,,533,,v10.0
Nico,Gonzalez,670,Spain,Barcelona,CM,R,70,188,68,70,67,73,60,64,69,56,,,527,,v10.0
David,Turnbull,670,Scotland,Celtic,CM,B,70,185,67,67,73,66,61,61,68,68,,,531,,v10.0
Sander,Berge,670,Norway,Sheffield,CM,R,70,193,63,61,76,69,75,67,70,54,,,535,,v10.0
Mathias,Jensen,670,Denmark,Brentford,CM,R,70,173,66,68,72,68,61,61,72,59,,,527,,v10.15
Jordan,Ferri,670,France,Montpellier,DM,R,70,172,75,75,63,64,59,65,61,63,,,525,,v10.0
Oliver,Skipp,670,England,Tottenham,DM,R,70,178,70,68,70,70,63,64,68,54,,,527,,v10.0
Nampalys,Mendy,670,Senegal,Leicester,DM,R,70,168,69,69,72,63,73,71,65,48,,,530,,v10.15
Manuel,Ugarte,670,Uruguay,Sporting CP,DM,R,70,182,67,65,75,66,68,71,73,49,,,534,,v10.0
Marvelous,Nakamba,670,Zimbabwe,Aston Villa,DM,L,70,177,66,69,72,65,67,74,68,46,,,527,,v10.0
Marc,Roca,670,Spain,Leeds,DM,R,70,184,63,64,66,70,62,74,72,52,,,523,,v10.15
,Al Musrati,670,Libya,Braga,DM,R,70,185,60,61,73,64,78,69,71,50,,,526,,v10.0
Sofyan,Amrabat,670,Morocco,Fiorentina,DM,R,70,175,64,66,71,68,69,71,72,52,,,533,,v10.15
Theo,Bongonda,670,DR Congo,Cadiz,LM,R,70,177,80,77,59,74,59,30,63,70,,,512,,v10.0
Nico,Williams,670,Spain,Athletic Bilbao,RM,R,70,181,84,87,61,72,63,26,62,54,,,509,,v10.0
Ainsley,Maitland-Niles,670,England,Southampton,RM,R,70,177,78,76,64,66,65,65,66,43,,,523,,v10.0
Takefusa,Kubo,670,Japan,Real Sociedad,RM,L,70,173,74,78,70,73,52,53,69,58,,,527,,v10.0
Christian,Fassnacht,670,Switzerland,Switzerland,RM,R,70,185,76,74,67,67,72,32,60,69,,,517,,v10.15
Fran,Garcia,610,Spain,Vallecano,CB,L,70,169,77,80,75,63,59,71,67,41,,,533,,v10.0
Odilon,Kossounou,610,Ivory Coast,Ivory Coast,CB,R,70,191,77,72,69,62,75,70,68,36,,,529,,v10.0
Chris,Richards,610,USA,Crystal Palace,CB,R,70,188,76,72,65,63,75,72,69,32,,,524,,v10.15
Diego,Llorente,610,Spain,Leeds,CB,R,70,186,75,76,70,54,76,74,59,42,,,526,,v10.0
Nicolas,Pallois,610,France,Nantes,CB,L,70,190,69,67,72,59,81,74,58,45,,,525,,v10.0
Mason,Holgate,610,England,Everton,CB,R,70,184,68,70,72,64,74,74,62,44,,,528,,v10.0
David,Hancko,610,Slovakia,Feyenoord,CB,L,70,188,67,65,70,63,74,71,65,48,,,523,,v10.15
Danilo,D'Ambrosio,610,Italy,Inter,CB,R,70,185,66,65,73,64,73,73,67,44,,,525,,v10.0
,Morato,610,Brazil,Benfica,CB,L,70,190,65,66,72,62,80,74,70,36,,,525,,v10.0
Rob,Holding,610,England,Arsenal,CB,R,70,189,65,65,67,65,75,74,71,47,,,529,,v10.15
Arthur,Theate,610,Belgium,Bologna,CB,L,70,186,64,61,67,68,71,69,62,57,,,519,,v10.0
Michael,Keane,610,England,Everton,CB,R,70,186,63,66,71,66,73,72,67,54,,,532,,v10.0
Willy,Boly,610,Ivory Coast,Nottingham Forest,CB,R,70,191,62,61,65,64,83,76,66,49,,,526,,v10.0
Rodrigo,Becao,610,Brazil,Udinese,CB,R,70,191,61,59,73,64,74,80,65,51,,,527,,v10.0
Pablo,Mari,610,Spain,Monza,CB,L,70,191,59,59,78,63,77,72,73,53,,,534,,v10.0
Craig,Dawson,610,England,Wolves,CB,R,70,188,58,56,72,66,81,72,63,53,,,521,,v10.0
Kristoffer,Ajer,610,Norway,Brentford,CB,R,70,196,65,61,69,65,79,70,65,48,,,522,,v10.15
Jonny,Evans,610,North. Ireland,Leicester,CB,R,70,189,57,58,69,66,81,75,65,51,,,522,,v10.15
Martin,Caceres,610,Uruguay,Uruguay,CB,R,70,182,65,67,71,63,74,75,61,52,,,528,,v10.15
Adam,Webster,610,England,Brighton,CB,R,70,191,66,64,67,65,78,74,68,45,,,527,,v10.15
,Ismaily,610,Brazil,Lille,LB,L,70,178,76,80,59,64,59,81,58,40,,,517,,v10.0
Jordan,Amavi,610,France,Getafe,LB,L,70,180,73,74,66,68,66,66,67,42,,,522,,v10.0
Ashley,Young,610,England,Aston Villa,LB,B,70,176,67,68,65,68,64,66,66,61,,,525,,v10.0
Ryan,Bertrand,610,England,Leicester,LB,L,70,182,76,75,72,64,63,64,64,50,,,528,,v10.15
Luca,Pellegrini,610,Italy,Italy,LB,L,70,178,71,73,73,63,67,69,68,46,,,530,,v10.15
Aleix,Vidal,610,Spain,Espanyol,RB,R,70,176,79,80,64,62,66,61,61,47,,,520,,v10.0
Sergio,Rochet,545,Uruguay,Uruguay,GK,R,70,190,70,67,,43,57,38,38,,68,65,446,,v10.15
Jack,Butland,545,England,Man United,GK,R,70,193,65,65,,51,57,46,59,,68,65,476,,v10.15
Paul,Bernardoni,545,France,Angers,GK,L,70,190,62,61,,47,49,35,49,,67,66,436,,v10.0
Marco,Sportiello,545,Italy,Atalanta,GK,R,70,185,62,63,,53,43,37,45,,65,68,436,,v10.0
Luis,Maximiano,545,Portugal,Lazio,GK,B,70,188,60,59,,54,55,39,47,,65,68,447,,v10.0
Yvon,Mvogo,545,Switzerland,Lorient,GK,R,70,189,60,61,,56,64,54,55,,66,67,483,,v10.0
Camilo,Vargas,545,Colombia,Colombia,GK,L,70,183,58,59,,54,49,41,53,,66,66,446,,v10.0
Joe,Hart,545,England,Celtic,GK,R,70,195,58,53,,43,66,59,47,,68,66,460,,v10.0
Ivo,Grbic,545,Croatia,Atletico Madrid,GK,R,70,195,58,59,,53,61,40,52,,67,67,457,,v10.0
Robin,Olsen,545,Sweden,Aston Villa,GK,R,70,198,55,52,,40,68,38,41,,68,67,429,,v10.0
Jordi,Masip,545,Spain,Valladolid,GK,R,70,180,54,52,,51,52,35,53,,67,67,431,,v10.0
Jeremias,Ledesma,545,Argentina,Cadiz,GK,R,70,185,54,53,,42,51,44,40,,64,70,418,,v10.0
Sergio,Herrera,545,Spain,Osasuna,GK,R,70,192,52,56,,51,59,38,57,,66,68,447,,v10.0
Pepe,Reina,545,Spain,Villareal,GK,R,70,190,52,52,,52,63,48,61,,68,66,462,,v10.15
Anthony,Martial,990,France,Man United,CF,R,73,184,76,80,63,78,66,31,65,72,,,531,,v10.15
Christian,Eriksen,1300,Denmark,Man United,CM,B,77,182,69,70,75,83,63,56,86,79,,,581,,v10.15
Junya,Ito,900,Japan,Reims,RW,R,72,177,81,83,69,71,62,35,65,64,,,530,,v10.15
Folarin,Balogun,735,England,Reims,CF,R,70,178,75,76,67,67,63,32,65,73,,,518,,v10.15
Marshall,Munetsi,745,Zimbabwe,Reims,DM,R,71,187,61,66,70,68,74,71,69,53,,,532,,v10.15
Yunis,Abdelhamid,680,France,Reims,CB,L,71,190,62,60,66,67,79,76,67,57,,,534,,v10.15
Franco,Armani,605,Argentina,Argentina,GK,R,71,189,48,51,,50,55,50,52,,68,68,442,,v10.15
Aissa,Mandanda,735,Algeria,Villareal,CB,R,72,186,66,69,71,69,76,74,74,44,,,543,,v10.15
Francis,Coquelin,885,France,Villareal,DM,R,72,182,68,69,71,70,73,78,71,44,,,544,,v10.15
Samuel,Chukwueze,1090,Nigeria,Villareal,RW,L,74,172,81,83,62,79,55,40,69,67,,,536,,v10.15
Juan,Foyth,735,Argentina,Villareal,RB,R,72,187,68,69,69,69,76,77,71,41,,,540,,v10.15
Javi,Ontiveros,670,Spain,Villareal,RM,R,70,175,72,69,68,67,61,56,66,63,,,522,,v10.15
Alex,Baena,735,Spain,Villareal,LW,R,70,174,72,74,69,71,52,42,69,67,,,516,,v10.15
Gianluca,Mancini,985,Italy,Roma,CB,R,75,190,66,62,80,69,82,79,73,56,,,567,,v10.15
Pedro,Goncalves,1410,Portugal,Sporting CP,LW,R,77,173,76,80,78,81,53,50,81,81,,,580,,v10.15
Tyrone,Mings,985,England,Aston Villa,CB,L,75,191,75,66,82,66,82,77,69,53,,,570,,v10.15
Emerson,Royal,985,Brazil,Tottenham,RB,R,75,183,77,79,73,69,69,73,69,53,,,562,,v10.15
Francesco,Acerbi,1070,Italy,Inter,CB,L,76,192,65,64,78,70,85,80,76,60,,,578,,v10.15
Alexandre,Lacazette,1295,France,Lyon,CF,R,76,176,73,76,77,77,69,42,75,82,,,571,,v10.15
Marc,Guehi,820,England,Crystal Palace,CB,R,73,185,70,68,78,68,79,76,68,45,,,552,,v10.15
,Danilo,735,Brazil,Feyenoord,CF,R,70,174,71,73,71,69,62,28,72,73,,,519,,v10.15
Moussa,Djenepo,670,Mali,Southampton,LM,R,70,177,76,80,68,70,58,46,64,63,,,525,,v10.15
Azzedine,Ounahi,670,Morocco,Marseille,AM,R,70,182,68,70,70,73,57,61,74,54,,,527,,v10.15
Predrag,Rajkovic,545,Serbia,Mallorca,GK,R,70,191,47,48,,42,51,38,48,,66,69,409,,v10.15
,Marlon,610,Brazil,Monza,CB,R,70,182,65,64,73,65,77,72,71,45,,,532,,v10.15
Daniele,Rugani,820,Italy,Juventus,CB,R,73,187,69,66,71,74,76,74,73,42,,,545,,v10.15
Jacob,Ramsey,670,England,Aston Villa,CM,R,70,180,70,72,69,70,58,55,66,67,,,527,,v10.15
Anthony,Gordon,900,England,Newcastle,LW,R,72,182,85,86,66,70,52,38,68,67,,,532,,v10.15
Bryan,Cristante,1300,Italy, Roma,DM,R,77,186,71,72,87,75,75,69,62,71,,,582,,v10.15
,,,,,,,,,,,,,,,,,,,0,,
,,,,,,,,,,,,,,,,,,,0,,
,,,,,,,,,,,,,,,,,,,0,,
,,,,,,,,,,,,,,,,,,,0,,
,,,,,,,,,,,,,,,,,,,0,,
,,,,,,,,,,,,,,,,,,,0,,
,,,,,,,,,,,,,,,,,,,0,,
,,,,,,,,,,,,,,,,,,,0,,
,,,,,,,,,,,,,,,,,,,0,,
,,,,,,,,,,,,,,,,,,,0,,
,,,,,,,,,,,,,,,,,,,0,,
,,,,,,,,,,,,,,,,,,,0,,
,,,,,,,,,,,,,,,,,,,0,,
,,,,,,,,,,,,,,,,,,,0,,
,,,,,,,,,,,,,,,,,,,0,,
,,,,,,,,,,,,,,,,,,,0,,
,,,,,,,,,,,,,,,,,,,0,,
,,,,,,,,,,,,,,,,,,,0,,
,,,,,,,,,,,,,,,,,,,0,,
,,,,,,,,,,,,,,,,,,,0,,
,,,,,,,,,,,,,,,,,,,0,,
,,,,,,,,,,,,,,,,,,,0,,
,,,,,,,,,,,,,,,,,,,0,,
,,,,,,,,,,,,,,,,,,,0,,
,,,,,,,,,,,,,,,,,,,0,,
,,,,,,,,,,,,,,,,,,,0,,
,,,,,,,,,,,,,,,,,,,0,,
,,,,,,,,,,,,,,,,,,,0,,
,,,,,,,,,,,,,,,,,,,0,,
,,,,,,,,,,,,,,,,,,,0,,
,,,,,,,,,,,,,,,,,,,0,,
,,,,,,,,,,,,,,,,,,,0,,
,,,,,,,,,,,,,,,,,,,0,,
,,,,,,,,,,,,,,,,,,,0,,
,,,,,,,,,,,,,,,,,,,0,,
,,,,,,,,,,,,,,,,,,,0,,
,,,,,,,,,,,,,,,,,,,0,,
,,,,,,,,,,,,,,,,,,,0,,
,,,,,,,,,,,,,,,,,,,0,,
,,,,,,,,,,,,,,,,,,,0,,
,,,,,,,,,,,,,,,,,,,0,,
,,,,,,,,,,,,,,,,,,,0,,
,,,,,,,,,,,,,,,,,,,0,,
,,,,,,,,,,,,,,,,,,,0,,
,,,,,,,,,,,,,,,,,,,0,,
,,,,,,,,,,,,,,,,,,,0,,
,,,,,,,,,,,,,,,,,,,0,,
,,,,,,,,,,,,,,,,,,,0,,
,,,,,,,,,,,,,,,,,,,0,,
,,,,,,,,,,,,,,,,,,,0,,
,,,,,,,,,,,,,,,,,,,0,,
,,,,,,,,,,,,,,,,,,,0,,
,,,,,,,,,,,,,,,,,,,0,,
,,,,,,,,,,,,,,,,,,,0,,
,,,,,,,,,,,,,,,,,,,0,,
,,,,,,,,,,,,,,,,,,,0,,
,,,,,,,,,,,,,,,,,,,0,,
,,,,,,,,,,,,,,,,,,,0,,
,,,,,,,,,,,,,,,,,,,0,,
,,,,,,,,,,,,,,,,,,,0,,
,,,,,,,,,,,,,,,,,,,0,,
,,,,,,,,,,,,,,,,,,,0,,
,,,,,,,,,,,,,,,,,,,0,,
,,,,,,,,,,,,,,,,,,,0,,
,,,,,,,,,,,,,,,,,,,0,,
,,,,,,,,,,,,,,,,,,,0,,
,,,,,,,,,,,,,,,,,,,0,,
,,,,,,,,,,,,,,,,,,,0,,
,,,,,,,,,,,,,,,,,,,0,,
,,,,,,,,,,,,,,,,,,,0,,
,,,,,,,,,,,,,,,,,,,0,,
,,,,,,,,,,,,,,,,,,,0,,
,,,,,,,,,,,,,,,,,,,0,,
,,,,,,,,,,,,,,,,,,,0,,
,,,,,,,,,,,,,,,,,,,0,,
,,,,,,,,,,,,,,,,,,,0,,
,,,,,,,,,,,,,,,,,,,0,,
,,,,,,,,,,,,,,,,,,,0,,
,,,,,,,,,,,,,,,,,,,0,,
,,,,,,,,,,,,,,,,,,,0,,
,,,,,,,,,,,,,,,,,,,0,,
,,,,,,,,,,,,,,,,,,,0,,
,,,,,,,,,,,,,,,,,,,0,,
,,,,,,,,,,,,,,,,,,,0,,
,,,,,,,,,,,,,,,,,,,0,,
,,,,,,,,,,,,,,,,,,,0,,
,,,,,,,,,,,,,,,,,,,0,,
,,,,,,,,,,,,,,,,,,,0,,
,,,,,,,,,,,,,,,,,,,0,,
,,,,,,,,,,,,,,,,,,,0,,
,,,,,,,,,,,,,,,,,,,0,,
,,,,,,,,,,,,,,,,,,,0,,
,,,,,,,,,,,,,,,,,,,0,,
,,,,,,,,,,,,,,,,,,,0,,
,,,,,,,,,,,,,,,,,,,0,,
,,,,,,,,,,,,,,,,,,,0,,
,,,,,,,,,,,,,,,,,,,0,,
,,,,,,,,,,,,,,,,,,,0,,
,,,,,,,,,,,,,,,,,,,0,,
,,,,,,,,,,,,,,,,,,,0,,
,,,,,,,,,,,,,,,,,,,0,,
,,,,,,,,,,,,,,,,,,,0,,
,,,,,,,,,,,,,,,,,,,0,,
,,,,,,,,,,,,,,,,,,,0,,
,,,,,,,,,,,,,,,,,,,0,,
,,,,,,,,,,,,,,,,,,,0,,
,,,,,,,,,,,,,,,,,,,0,,
,,,,,,,,,,,,,,,,,,,0,,
,,,,,,,,,,,,,,,,,,,0,,
,,,,,,,,,,,,,,,,,,,0,,
,,,,,,,,,,,,,,,,,,,0,,
,,,,,,,,,,,,,,,,,,,0,,
,,,,,,,,,,,,,,,,,,,0,,
,,,,,,,,,,,,,,,,,,,0,,
,,,,,,,,,,,,,,,,,,,0,,
,,,,,,,,,,,,,,,,,,,0,,
,,,,,,,,,,,,,,,,,,,0,,
,,,,,,,,,,,,,,,,,,,0,,
,,,,,,,,,,,,,,,,,,,0,,
,,,,,,,,,,,,,,,,,,,0,,
,,,,,,,,,,,,,,,,,,,0,,
,,,,,,,,,,,,,,,,,,,0,,
,,,,,,,,,,,,,,,,,,,0,,
,,,,,,,,,,,,,,,,,,,0,,
,,,,,,,,,,,,,,,,,,,0,,
,,,,,,,,,,,,,,,,,,,0,,
,,,,,,,,,,,,,,,,,,,0,,
,,,,,,,,,,,,,,,,,,,0,,
,,,,,,,,,,,,,,,,,,,0,,
,,,,,,,,,,,,,,,,,,,0,,
,,,,,,,,,,,,,,,,,,,0,,
,,,,,,,,,,,,,,,,,,,0,,
,,,,,,,,,,,,,,,,,,,0,,
,,,,,,,,,,,,,,,,,,,0,,
,,,,,,,,,,,,,,,,,,,0,,
,,,,,,,,,,,,,,,,,,,0,,
,,,,,,,,,,,,,,,,,,,0,,
,,,,,,,,,,,,,,,,,,,0,,
,,,,,,,,,,,,,,,,,,,0,,
,,,,,,,,,,,,,,,,,,,0,,
,,,,,,,,,,,,,,,,,,,0,,
,,,,,,,,,,,,,,,,,,,0,,
,,,,,,,,,,,,,,,,,,,0,,
,,,,,,,,,,,,,,,,,,,0,,
,,,,,,,,,,,,,,,,,,,0,,
,,,,,,,,,,,,,,,,,,,0,,
,,,,,,,,,,,,,,,,,,,0,,
,,,,,,,,,,,,,,,,,,,0,,
,,,,,,,,,,,,,,,,,,,0,,
,,,,,,,,,,,,,,,,,,,0,,
,,,,,,,,,,,,,,,,,,,0,,
,,,,,,,,,,,,,,,,,,,0,,
,,,,,,,,,,,,,,,,,,,0,,
,,,,,,,,,,,,,,,,,,,0,,
,,,,,,,,,,,,,,,,,,,0,,
,,,,,,,,,,,,,,,,,,,0,,
,,,,,,,,,,,,,,,,,,,0,,
,,,,,,,,,,,,,,,,,,,0,,
,,,,,,,,,,,,,,,,,,,0,,
,,,,,,,,,,,,,,,,,,,0,,
,,,,,,,,,,,,,,,,,,,0,,
,,,,,,,,,,,,,,,,,,,0,,
,,,,,,,,,,,,,,,,,,,0,,
,,,,,,,,,,,,,,,,,,,0,,
,,,,,,,,,,,,,,,,,,,0,,
,,,,,,,,,,,,,,,,,,,0,,
,,,,,,,,,,,,,,,,,,,0,,
,,,,,,,,,,,,,,,,,,,0,,
,,,,,,,,,,,,,,,,,,,0,,
,,,,,,,,,,,,,,,,,,,0,,
,,,,,,,,,,,,,,,,,,,0,,
,,,,,,,,,,,,,,,,,,,0,,
,,,,,,,,,,,,,,,,,,,0,,
,,,,,,,,,,,,,,,,,,,0,,
,,,,,,,,,,,,,,,,,,,0,,
,,,,,,,,,,,,,,,,,,,0,,
,,,,,,,,,,,,,,,,,,,0,,
,,,,,,,,,,,,,,,,,,,0,,
,,,,,,,,,,,,,,,,,,,0,,
,,,,,,,,,,,,,,,,,,,0,,
,,,,,,,,,,,,,,,,,,,0,,
,,,,,,,,,,,,,,,,,,,0,,
,,,,,,,,,,,,,,,,,,,0,,
,,,,,,,,,,,,,,,,,,,0,,
,,,,,,,,,,,,,,,,,,,0,,
,,,,,,,,,,,,,,,,,,,0,,
,,,,,,,,,,,,,,,,,,,0,,
,,,,,,,,,,,,,,,,,,,0,,
,,,,,,,,,,,,,,,,,,,0,,
,,,,,,,,,,,,,,,,,,,0,,
,,,,,,,,,,,,,,,,,,,0,,
,,,,,,,,,,,,,,,,,,,0,,
,,,,,,,,,,,,,,,,,,,0,,
,,,,,,,,,,,,,,,,,,,0,,
,,,,,,,,,,,,,,,,,,,0,,
,,,,,,,,,,,,,,,,,,,0,,
,,,,,,,,,,,,,,,,,,,0,,
,,,,,,,,,,,,,,,,,,,0,,
,,,,,,,,,,,,,,,,,,,0,,
,,,,,,,,,,,,,,,,,,,0,,
,,,,,,,,,,,,,,,,,,,0,,
,,,,,,,,,,,,,,,,,,,0,,
,,,,,,,,,,,,,,,,,,,0,,
,,,,,,,,,,,,,,,,,,,0,,
,,,,,,,,,,,,,,,,,,,0,,
,,,,,,,,,,,,,,,,,,,0,,
,,,,,,,,,,,,,,,,,,,0,,
,,,,,,,,,,,,,,,,,,,0,,
,,,,,,,,,,,,,,,,,,,0,,
,,,,,,,,,,,,,,,,,,,0,,
,,,,,,,,,,,,,,,,,,,0,,
,,,,,,,,,,,,,,,,,,,0,,
,,,,,,,,,,,,,,,,,,,0,,
,,,,,,,,,,,,,,,,,,,0,,
,,,,,,,,,,,,,,,,,,,0,,
,,,,,,,,,,,,,,,,,,,0,,
,,,,,,,,,,,,,,,,,,,0,,
,,,,,,,,,,,,,,,,,,,0,,
,,,,,,,,,,,,,,,,,,,0,,
,,,,,,,,,,,,,,,,,,,0,,
,,,,,,,,,,,,,,,,,,,0,,
,,,,,,,,,,,,,,,,,,,0,,
,,,,,,,,,,,,,,,,,,,0,,
,,,,,,,,,,,,,,,,,,,0,,
,,,,,,,,,,,,,,,,,,,0,,
,,,,,,,,,,,,,,,,,,,0,,
,,,,,,,,,,,,,,,,,,,0,,
,,,,,,,,,,,,,,,,,,,0,,
,,,,,,,,,,,,,,,,,,,0,,
,,,,,,,,,,,,,,,,,,,0,,
,,,,,,,,,,,,,,,,,,,0,,
,,,,,,,,,,,,,,,,,,,0,,
,,,,,,,,,,,,,,,,,,,0,,
,,,,,,,,,,,,,,,,,,,0,,
,,,,,,,,,,,,,,,,,,,0,,
,,,,,,,,,,,,,,,,,,,0,,
,,,,,,,,,,,,,,,,,,,0,,
,,,,,,,,,,,,,,,,,,,0,,
,,,,,,,,,,,,,,,,,,,0,,
,,,,,,,,,,,,,,,,,,,0,,
,,,,,,,,,,,,,,,,,,,0,,
,,,,,,,,,,,,,,,,,,,0,,
,,,,,,,,,,,,,,,,,,,0,,
,,,,,,,,,,,,,,,,,,,0,,
,,,,,,,,,,,,,,,,,,,0,,
,,,,,,,,,,,,,,,,,,,0,,
,,,,,,,,,,,,,,,,,,,0,,
,,,,,,,,,,,,,,,,,,,0,,
,,,,,,,,,,,,,,,,,,,0,,
,,,,,,,,,,,,,,,,,,,0,,
,,,,,,,,,,,,,,,,,,,0,,
,,,,,,,,,,,,,,,,,,,0,,
,,,,,,,,,,,,,,,,,,,0,,
,,,,,,,,,,,,,,,,,,,0,,
,,,,,,,,,,,,,,,,,,,0,,
,,,,,,,,,,,,,,,,,,,0,,
,,,,,,,,,,,,,,,,,,,0,,
,,,,,,,,,,,,,,,,,,,0,,
,,,,,,,,,,,,,,,,,,,0,,
,,,,,,,,,,,,,,,,,,,0,,
,,,,,,,,,,,,,,,,,,,0,,
,,,,,,,,,,,,,,,,,,,0,,
,,,,,,,,,,,,,,,,,,,0,,
,,,,,,,,,,,,,,,,,,,0,,
,,,,,,,,,,,,,,,,,,,0,,
,,,,,,,,,,,,,,,,,,,0,,
,,,,,,,,,,,,,,,,,,,0,,
,,,,,,,,,,,,,,,,,,,0,,
,,,,,,,,,,,,,,,,,,,0,,
,,,,,,,,,,,,,,,,,,,0,,
,,,,,,,,,,,,,,,,,,,0,,
,,,,,,,,,,,,,,,,,,,0,,
,,,,,,,,,,,,,,,,,,,0,,
,,,,,,,,,,,,,,,,,,,0,,
,,,,,,,,,,,,,,,,,,,0,,
,,,,,,,,,,,,,,,,,,,0,,
,,,,,,,,,,,,,,,,,,,0,,
,,,,,,,,,,,,,,,,,,,0,,
,,,,,,,,,,,,,,,,,,,0,,
,,,,,,,,,,,,,,,,,,,0,,
,,,,,,,,,,,,,,,,,,,0,,
,,,,,,,,,,,,,,,,,,,0,,
,,,,,,,,,,,,,,,,,,,0,,
,,,,,,,,,,,,,,,,,,,0,,
,,,,,,,,,,,,,,,,,,,0,,
,,,,,,,,,,,,,,,,,,,0,,
,,,,,,,,,,,,,,,,,,,0,,
,,,,,,,,,,,,,,,,,,,0,,
,,,,,,,,,,,,,,,,,,,0,,
,,,,,,,,,,,,,,,,,,,0,,
,,,,,,,,,,,,,,,,,,,0,,
,,,,,,,,,,,,,,,,,,,0,,
,,,,,,,,,,,,,,,,,,,0,,
,,,,,,,,,,,,,,,,,,,0,,
,,,,,,,,,,,,,,,,,,,0,,
,,,,,,,,,,,,,,,,,,,0,,
,,,,,,,,,,,,,,,,,,,0,,
,,,,,,,,,,,,,,,,,,,0,,
,,,,,,,,,,,,,,,,,,,0,,
,,,,,,,,,,,,,,,,,,,0,,
,,,,,,,,,,,,,,,,,,,0,,
,,,,,,,,,,,,,,,,,,,0,,
,,,,,,,,,,,,,,,,,,,0,,
,,,,,,,,,,,,,,,,,,,0,,
,,,,,,,,,,,,,,,,,,,0,,
,,,,,,,,,,,,,,,,,,,0,,
,,,,,,,,,,,,,,,,,,,0,,
,,,,,,,,,,,,,,,,,,,0,,
,,,,,,,,,,,,,,,,,,,0,,
,,,,,,,,,,,,,,,,,,,0,,
,,,,,,,,,,,,,,,,,,,0,,
,,,,,,,,,,,,,,,,,,,0,,
,,,,,,,,,,,,,,,,,,,0,,
,,,,,,,,,,,,,,,,,,,0,,
,,,,,,,,,,,,,,,,,,,0,,
,,,,,,,,,,,,,,,,,,,0,,
,,,,,,,,,,,,,,,,,,,0,,
,,,,,,,,,,,,,,,,,,,0,,
,,,,,,,,,,,,,,,,,,,0,,
,,,,,,,,,,,,,,,,,,,0,,
,,,,,,,,,,,,,,,,,,,0,,
,,,,,,,,,,,,,,,,,,,0,,
,,,,,,,,,,,,,,,,,,,0,,
,,,,,,,,,,,,,,,,,,,0,,
,,,,,,,,,,,,,,,,,,,0,,
,,,,,,,,,,,,,,,,,,,0,,
,,,,,,,,,,,,,,,,,,,0,,
,,,,,,,,,,,,,,,,,,,0,,
,,,,,,,,,,,,,,,,,,,0,,
,,,,,,,,,,,,,,,,,,,0,,
,,,,,,,,,,,,,,,,,,,0,,
,,,,,,,,,,,,,,,,,,,0,,
,,,,,,,,,,,,,,,,,,,0,,
,,,,,,,,,,,,,,,,,,,0,,
,,,,,,,,,,,,,,,,,,,0,,
,,,,,,,,,,,,,,,,,,,0,,
,,,,,,,,,,,,,,,,,,,0,,
,,,,,,,,,,,,,,,,,,,0,,
,,,,,,,,,,,,,,,,,,,0,,
,,,,,,,,,,,,,,,,,,,0,,
,,,,,,,,,,,,,,,,,,,0,,
,,,,,,,,,,,,,,,,,,,0,,
,,,,,,,,,,,,,,,,,,,0,,
,,,,,,,,,,,,,,,,,,,0,,
,,,,,,,,,,,,,,,,,,,0,,
,,,,,,,,,,,,,,,,,,,0,,
,,,,,,,,,,,,,,,,,,,0,,
,,,,,,,,,,,,,,,,,,,0,,
,,,,,,,,,,,,,,,,,,,0,,
,,,,,,,,,,,,,,,,,,,0,,
,,,,,,,,,,,,,,,,,,,0,,
,,,,,,,,,,,,,,,,,,,0,,
,,,,,,,,,,,,,,,,,,,0,,
,,,,,,,,,,,,,,,,,,,0,,
,,,,,,,,,,,,,,,,,,,0,,
,,,,,,,,,,,,,,,,,,,0,,
,,,,,,,,,,,,,,,,,,,0,,
,,,,,,,,,,,,,,,,,,,0,,
,,,,,,,,,,,,,,,,,,,0,,
,,,,,,,,,,,,,,,,,,,0,,
,,,,,,,,,,,,,,,,,,,0,,
,,,,,,,,,,,,,,,,,,,0,,
,,,,,,,,,,,,,,,,,,,0,,
,,,,,,,,,,,,,,,,,,,0,,
,,,,,,,,,,,,,,,,,,,0,,
,,,,,,,,,,,,,,,,,,,0,,
,,,,,,,,,,,,,,,,,,,0,,
,,,,,,,,,,,,,,,,,,,0,,
,,,,,,,,,,,,,,,,,,,0,,
,,,,,,,,,,,,,,,,,,,0,,
,,,,,,,,,,,,,,,,,,,0,,
,,,,,,,,,,,,,,,,,,,0,,
,,,,,,,,,,,,,,,,,,,0,,
,,,,,,,,,,,,,,,,,,,0,,
,,,,,,,,,,,,,,,,,,,0,,
,,,,,,,,,,,,,,,,,,,0,,
,,,,,,,,,,,,,,,,,,,0,,
,,,,,,,,,,,,,,,,,,,0,,
,,,,,,,,,,,,,,,,,,,0,,
,,,,,,,,,,,,,,,,,,,0,,
,,,,,,,,,,,,,,,,,,,0,,
,,,,,,,,,,,,,,,,,,,0,,
,,,,,,,,,,,,,,,,,,,0,,
,,,,,,,,,,,,,,,,,,,0,,
,,,,,,,,,,,,,,,,,,,0,,
,,,,,,,,,,,,,,,,,,,0,,